This is pdfTeX, Version 3.14159265-2.6-1.40.20 (TeX Live 2019/Debian) (preloaded format=pdflatex 2025.10.10)  30 MAR 2026 18:41
entering extended mode
 restricted \write18 enabled.
 %&-line parsing enabled.
**main.tex
(./main.tex
LaTeX2e <2020-02-02> patch level 2
L3 programming layer <2020-02-14>
(/usr/share/texlive/texmf-dist/tex/latex/base/book.cls
Document Class: book 2019/12/20 v1.4l Standard LaTeX document class
(/usr/share/texlive/texmf-dist/tex/latex/base/bk10.clo
File: bk10.clo 2019/12/20 v1.4l Standard LaTeX file (size option)
)
\c@part=\count167
\c@chapter=\count168
\c@section=\count169
\c@subsection=\count170
\c@subsubsection=\count171
\c@paragraph=\count172
\c@subparagraph=\count173
\c@figure=\count174
\c@table=\count175
\abovecaptionskip=\skip47
\belowcaptionskip=\skip48
\bibindent=\dimen134
) (./vub.sty
Package: vub 

(/usr/share/texlive/texmf-dist/tex/latex/graphics/color.sty
Package: color 2019/11/23 v1.2a Standard LaTeX Color (DPC)

(/usr/share/texlive/texmf-dist/tex/latex/graphics-cfg/color.cfg
File: color.cfg 2016/01/02 v1.6 sample color configuration
)
Package color Info: Driver file: pdftex.def on input line 147.

(/usr/share/texlive/texmf-dist/tex/latex/graphics-def/pdftex.def
File: pdftex.def 2018/01/08 v1.0l Graphics/color driver for pdftex
))
(/usr/share/texlive/texmf-dist/tex/latex/pgf/frontendlayer/tikz.sty
(/usr/share/texlive/texmf-dist/tex/latex/pgf/basiclayer/pgf.sty
(/usr/share/texlive/texmf-dist/tex/latex/pgf/utilities/pgfrcs.sty
(/usr/share/texlive/texmf-dist/tex/generic/pgf/utilities/pgfutil-common.tex
\pgfutil@everybye=\toks14
\pgfutil@tempdima=\dimen135
\pgfutil@tempdimb=\dimen136

(/usr/share/texlive/texmf-dist/tex/generic/pgf/utilities/pgfutil-common-lists.t
ex)) (/usr/share/texlive/texmf-dist/tex/generic/pgf/utilities/pgfutil-latex.def
\pgfutil@abb=\box45
(/usr/share/texlive/texmf-dist/tex/latex/ms/everyshi.sty
Package: everyshi 2001/05/15 v3.00 EveryShipout Package (MS)
))
(/usr/share/texlive/texmf-dist/tex/generic/pgf/utilities/pgfrcs.code.tex
(/usr/share/texlive/texmf-dist/tex/generic/pgf/pgf.revision.tex)
Package: pgfrcs 2020/01/08 v3.1.5b (3.1.5b)
))
Package: pgf 2020/01/08 v3.1.5b (3.1.5b)

(/usr/share/texlive/texmf-dist/tex/latex/pgf/basiclayer/pgfcore.sty
(/usr/share/texlive/texmf-dist/tex/latex/graphics/graphicx.sty
Package: graphicx 2019/11/30 v1.2a Enhanced LaTeX Graphics (DPC,SPQR)

(/usr/share/texlive/texmf-dist/tex/latex/graphics/keyval.sty
Package: keyval 2014/10/28 v1.15 key=value parser (DPC)
\KV@toks@=\toks15
)
(/usr/share/texlive/texmf-dist/tex/latex/graphics/graphics.sty
Package: graphics 2019/11/30 v1.4a Standard LaTeX Graphics (DPC,SPQR)

(/usr/share/texlive/texmf-dist/tex/latex/graphics/trig.sty
Package: trig 2016/01/03 v1.10 sin cos tan (DPC)
)
(/usr/share/texlive/texmf-dist/tex/latex/graphics-cfg/graphics.cfg
File: graphics.cfg 2016/06/04 v1.11 sample graphics configuration
)
Package graphics Info: Driver file: pdftex.def on input line 105.
)
\Gin@req@height=\dimen137
\Gin@req@width=\dimen138
)
(/usr/share/texlive/texmf-dist/tex/latex/pgf/systemlayer/pgfsys.sty
(/usr/share/texlive/texmf-dist/tex/generic/pgf/systemlayer/pgfsys.code.tex
Package: pgfsys 2020/01/08 v3.1.5b (3.1.5b)

(/usr/share/texlive/texmf-dist/tex/generic/pgf/utilities/pgfkeys.code.tex
\pgfkeys@pathtoks=\toks16
\pgfkeys@temptoks=\toks17

(/usr/share/texlive/texmf-dist/tex/generic/pgf/utilities/pgfkeysfiltered.code.t
ex
\pgfkeys@tmptoks=\toks18
))
\pgf@x=\dimen139
\pgf@y=\dimen140
\pgf@xa=\dimen141
\pgf@ya=\dimen142
\pgf@xb=\dimen143
\pgf@yb=\dimen144
\pgf@xc=\dimen145
\pgf@yc=\dimen146
\pgf@xd=\dimen147
\pgf@yd=\dimen148
\w@pgf@writea=\write3
\r@pgf@reada=\read2
\c@pgf@counta=\count176
\c@pgf@countb=\count177
\c@pgf@countc=\count178
\c@pgf@countd=\count179
\t@pgf@toka=\toks19
\t@pgf@tokb=\toks20
\t@pgf@tokc=\toks21
\pgf@sys@id@count=\count180
 (/usr/share/texlive/texmf-dist/tex/generic/pgf/systemlayer/pgf.cfg
File: pgf.cfg 2020/01/08 v3.1.5b (3.1.5b)
)
Driver file for pgf: pgfsys-pdftex.def

(/usr/share/texlive/texmf-dist/tex/generic/pgf/systemlayer/pgfsys-pdftex.def
File: pgfsys-pdftex.def 2020/01/08 v3.1.5b (3.1.5b)

(/usr/share/texlive/texmf-dist/tex/generic/pgf/systemlayer/pgfsys-common-pdf.de
f
File: pgfsys-common-pdf.def 2020/01/08 v3.1.5b (3.1.5b)
)))
(/usr/share/texlive/texmf-dist/tex/generic/pgf/systemlayer/pgfsyssoftpath.code.
tex
File: pgfsyssoftpath.code.tex 2020/01/08 v3.1.5b (3.1.5b)
\pgfsyssoftpath@smallbuffer@items=\count181
\pgfsyssoftpath@bigbuffer@items=\count182
)
(/usr/share/texlive/texmf-dist/tex/generic/pgf/systemlayer/pgfsysprotocol.code.
tex
File: pgfsysprotocol.code.tex 2020/01/08 v3.1.5b (3.1.5b)
)) (/usr/share/texlive/texmf-dist/tex/latex/xcolor/xcolor.sty
Package: xcolor 2016/05/11 v2.12 LaTeX color extensions (UK)

(/usr/share/texlive/texmf-dist/tex/latex/graphics-cfg/color.cfg
File: color.cfg 2016/01/02 v1.6 sample color configuration
)
Package xcolor Info: Driver file: pdftex.def on input line 225.
LaTeX Info: Redefining \color on input line 709.
Package xcolor Info: Model `cmy' substituted by `cmy0' on input line 1348.
Package xcolor Info: Model `hsb' substituted by `rgb' on input line 1352.
Package xcolor Info: Model `RGB' extended on input line 1364.
Package xcolor Info: Model `HTML' substituted by `rgb' on input line 1366.
Package xcolor Info: Model `Hsb' substituted by `hsb' on input line 1367.
Package xcolor Info: Model `tHsb' substituted by `hsb' on input line 1368.
Package xcolor Info: Model `HSB' substituted by `hsb' on input line 1369.
Package xcolor Info: Model `Gray' substituted by `gray' on input line 1370.
Package xcolor Info: Model `wave' substituted by `hsb' on input line 1371.
)
(/usr/share/texlive/texmf-dist/tex/generic/pgf/basiclayer/pgfcore.code.tex
Package: pgfcore 2020/01/08 v3.1.5b (3.1.5b)

(/usr/share/texlive/texmf-dist/tex/generic/pgf/math/pgfmath.code.tex
(/usr/share/texlive/texmf-dist/tex/generic/pgf/math/pgfmathcalc.code.tex
(/usr/share/texlive/texmf-dist/tex/generic/pgf/math/pgfmathutil.code.tex)
(/usr/share/texlive/texmf-dist/tex/generic/pgf/math/pgfmathparser.code.tex
\pgfmath@dimen=\dimen149
\pgfmath@count=\count183
\pgfmath@box=\box46
\pgfmath@toks=\toks22
\pgfmath@stack@operand=\toks23
\pgfmath@stack@operation=\toks24
)
(/usr/share/texlive/texmf-dist/tex/generic/pgf/math/pgfmathfunctions.code.tex
(/usr/share/texlive/texmf-dist/tex/generic/pgf/math/pgfmathfunctions.basic.code
.tex)
(/usr/share/texlive/texmf-dist/tex/generic/pgf/math/pgfmathfunctions.trigonomet
ric.code.tex)
(/usr/share/texlive/texmf-dist/tex/generic/pgf/math/pgfmathfunctions.random.cod
e.tex)
(/usr/share/texlive/texmf-dist/tex/generic/pgf/math/pgfmathfunctions.comparison
.code.tex)
(/usr/share/texlive/texmf-dist/tex/generic/pgf/math/pgfmathfunctions.base.code.
tex)
(/usr/share/texlive/texmf-dist/tex/generic/pgf/math/pgfmathfunctions.round.code
.tex)
(/usr/share/texlive/texmf-dist/tex/generic/pgf/math/pgfmathfunctions.misc.code.
tex)
(/usr/share/texlive/texmf-dist/tex/generic/pgf/math/pgfmathfunctions.integerari
thmetics.code.tex)))
(/usr/share/texlive/texmf-dist/tex/generic/pgf/math/pgfmathfloat.code.tex
\c@pgfmathroundto@lastzeros=\count184
))
(/usr/share/texlive/texmf-dist/tex/generic/pgf/math/pgfint.code.tex)
(/usr/share/texlive/texmf-dist/tex/generic/pgf/basiclayer/pgfcorepoints.code.te
x
File: pgfcorepoints.code.tex 2020/01/08 v3.1.5b (3.1.5b)
\pgf@picminx=\dimen150
\pgf@picmaxx=\dimen151
\pgf@picminy=\dimen152
\pgf@picmaxy=\dimen153
\pgf@pathminx=\dimen154
\pgf@pathmaxx=\dimen155
\pgf@pathminy=\dimen156
\pgf@pathmaxy=\dimen157
\pgf@xx=\dimen158
\pgf@xy=\dimen159
\pgf@yx=\dimen160
\pgf@yy=\dimen161
\pgf@zx=\dimen162
\pgf@zy=\dimen163
)
(/usr/share/texlive/texmf-dist/tex/generic/pgf/basiclayer/pgfcorepathconstruct.
code.tex
File: pgfcorepathconstruct.code.tex 2020/01/08 v3.1.5b (3.1.5b)
\pgf@path@lastx=\dimen164
\pgf@path@lasty=\dimen165
)
(/usr/share/texlive/texmf-dist/tex/generic/pgf/basiclayer/pgfcorepathusage.code
.tex
File: pgfcorepathusage.code.tex 2020/01/08 v3.1.5b (3.1.5b)
\pgf@shorten@end@additional=\dimen166
\pgf@shorten@start@additional=\dimen167
)
(/usr/share/texlive/texmf-dist/tex/generic/pgf/basiclayer/pgfcorescopes.code.te
x
File: pgfcorescopes.code.tex 2020/01/08 v3.1.5b (3.1.5b)
\pgfpic=\box47
\pgf@hbox=\box48
\pgf@layerbox@main=\box49
\pgf@picture@serial@count=\count185
)
(/usr/share/texlive/texmf-dist/tex/generic/pgf/basiclayer/pgfcoregraphicstate.c
ode.tex
File: pgfcoregraphicstate.code.tex 2020/01/08 v3.1.5b (3.1.5b)
\pgflinewidth=\dimen168
)
(/usr/share/texlive/texmf-dist/tex/generic/pgf/basiclayer/pgfcoretransformation
s.code.tex
File: pgfcoretransformations.code.tex 2020/01/08 v3.1.5b (3.1.5b)
\pgf@pt@x=\dimen169
\pgf@pt@y=\dimen170
\pgf@pt@temp=\dimen171
)
(/usr/share/texlive/texmf-dist/tex/generic/pgf/basiclayer/pgfcorequick.code.tex
File: pgfcorequick.code.tex 2020/01/08 v3.1.5b (3.1.5b)
)
(/usr/share/texlive/texmf-dist/tex/generic/pgf/basiclayer/pgfcoreobjects.code.t
ex
File: pgfcoreobjects.code.tex 2020/01/08 v3.1.5b (3.1.5b)
)
(/usr/share/texlive/texmf-dist/tex/generic/pgf/basiclayer/pgfcorepathprocessing
.code.tex
File: pgfcorepathprocessing.code.tex 2020/01/08 v3.1.5b (3.1.5b)
)
(/usr/share/texlive/texmf-dist/tex/generic/pgf/basiclayer/pgfcorearrows.code.te
x
File: pgfcorearrows.code.tex 2020/01/08 v3.1.5b (3.1.5b)
\pgfarrowsep=\dimen172
)
(/usr/share/texlive/texmf-dist/tex/generic/pgf/basiclayer/pgfcoreshade.code.tex
File: pgfcoreshade.code.tex 2020/01/08 v3.1.5b (3.1.5b)
\pgf@max=\dimen173
\pgf@sys@shading@range@num=\count186
\pgf@shadingcount=\count187
)
(/usr/share/texlive/texmf-dist/tex/generic/pgf/basiclayer/pgfcoreimage.code.tex
File: pgfcoreimage.code.tex 2020/01/08 v3.1.5b (3.1.5b)

(/usr/share/texlive/texmf-dist/tex/generic/pgf/basiclayer/pgfcoreexternal.code.
tex
File: pgfcoreexternal.code.tex 2020/01/08 v3.1.5b (3.1.5b)
\pgfexternal@startupbox=\box50
))
(/usr/share/texlive/texmf-dist/tex/generic/pgf/basiclayer/pgfcorelayers.code.te
x
File: pgfcorelayers.code.tex 2020/01/08 v3.1.5b (3.1.5b)
)
(/usr/share/texlive/texmf-dist/tex/generic/pgf/basiclayer/pgfcoretransparency.c
ode.tex
File: pgfcoretransparency.code.tex 2020/01/08 v3.1.5b (3.1.5b)
)
(/usr/share/texlive/texmf-dist/tex/generic/pgf/basiclayer/pgfcorepatterns.code.
tex
File: pgfcorepatterns.code.tex 2020/01/08 v3.1.5b (3.1.5b)
)
(/usr/share/texlive/texmf-dist/tex/generic/pgf/basiclayer/pgfcorerdf.code.tex
File: pgfcorerdf.code.tex 2020/01/08 v3.1.5b (3.1.5b)
)))
(/usr/share/texlive/texmf-dist/tex/generic/pgf/modules/pgfmoduleshapes.code.tex
File: pgfmoduleshapes.code.tex 2020/01/08 v3.1.5b (3.1.5b)
\pgfnodeparttextbox=\box51
) (/usr/share/texlive/texmf-dist/tex/generic/pgf/modules/pgfmoduleplot.code.tex
File: pgfmoduleplot.code.tex 2020/01/08 v3.1.5b (3.1.5b)
)
(/usr/share/texlive/texmf-dist/tex/latex/pgf/compatibility/pgfcomp-version-0-65
.sty
Package: pgfcomp-version-0-65 2020/01/08 v3.1.5b (3.1.5b)
\pgf@nodesepstart=\dimen174
\pgf@nodesepend=\dimen175
)
(/usr/share/texlive/texmf-dist/tex/latex/pgf/compatibility/pgfcomp-version-1-18
.sty
Package: pgfcomp-version-1-18 2020/01/08 v3.1.5b (3.1.5b)
)) (/usr/share/texlive/texmf-dist/tex/latex/pgf/utilities/pgffor.sty
(/usr/share/texlive/texmf-dist/tex/latex/pgf/utilities/pgfkeys.sty
(/usr/share/texlive/texmf-dist/tex/generic/pgf/utilities/pgfkeys.code.tex))
(/usr/share/texlive/texmf-dist/tex/latex/pgf/math/pgfmath.sty
(/usr/share/texlive/texmf-dist/tex/generic/pgf/math/pgfmath.code.tex))
(/usr/share/texlive/texmf-dist/tex/generic/pgf/utilities/pgffor.code.tex
Package: pgffor 2020/01/08 v3.1.5b (3.1.5b)

(/usr/share/texlive/texmf-dist/tex/generic/pgf/math/pgfmath.code.tex)
\pgffor@iter=\dimen176
\pgffor@skip=\dimen177
\pgffor@stack=\toks25
\pgffor@toks=\toks26
))
(/usr/share/texlive/texmf-dist/tex/generic/pgf/frontendlayer/tikz/tikz.code.tex
Package: tikz 2020/01/08 v3.1.5b (3.1.5b)

(/usr/share/texlive/texmf-dist/tex/generic/pgf/libraries/pgflibraryplothandlers
.code.tex
File: pgflibraryplothandlers.code.tex 2020/01/08 v3.1.5b (3.1.5b)
\pgf@plot@mark@count=\count188
\pgfplotmarksize=\dimen178
)
\tikz@lastx=\dimen179
\tikz@lasty=\dimen180
\tikz@lastxsaved=\dimen181
\tikz@lastysaved=\dimen182
\tikz@lastmovetox=\dimen183
\tikz@lastmovetoy=\dimen184
\tikzleveldistance=\dimen185
\tikzsiblingdistance=\dimen186
\tikz@figbox=\box52
\tikz@figbox@bg=\box53
\tikz@tempbox=\box54
\tikz@tempbox@bg=\box55
\tikztreelevel=\count189
\tikznumberofchildren=\count190
\tikznumberofcurrentchild=\count191
\tikz@fig@count=\count192

(/usr/share/texlive/texmf-dist/tex/generic/pgf/modules/pgfmodulematrix.code.tex
File: pgfmodulematrix.code.tex 2020/01/08 v3.1.5b (3.1.5b)
\pgfmatrixcurrentrow=\count193
\pgfmatrixcurrentcolumn=\count194
\pgf@matrix@numberofcolumns=\count195
)
\tikz@expandcount=\count196

(/usr/share/texlive/texmf-dist/tex/generic/pgf/frontendlayer/tikz/libraries/tik
zlibrarytopaths.code.tex
File: tikzlibrarytopaths.code.tex 2020/01/08 v3.1.5b (3.1.5b)
)))
(/usr/share/texlive/texmf-dist/tex/latex/adjustbox/adjustbox.sty
Package: adjustbox 2019/01/04 v1.2 Adjusting TeX boxes (trim, clip, ...)

(/usr/share/texlive/texmf-dist/tex/latex/xkeyval/xkeyval.sty
Package: xkeyval 2014/12/03 v2.7a package option processing (HA)

(/usr/share/texlive/texmf-dist/tex/generic/xkeyval/xkeyval.tex
(/usr/share/texlive/texmf-dist/tex/generic/xkeyval/xkvutils.tex
\XKV@toks=\toks27
\XKV@tempa@toks=\toks28
)
\XKV@depth=\count197
File: xkeyval.tex 2014/12/03 v2.7a key=value parser (HA)
))
(/usr/share/texlive/texmf-dist/tex/latex/adjustbox/adjcalc.sty
Package: adjcalc 2012/05/16 v1.1 Provides advanced setlength with multiple back
-ends (calc, etex, pgfmath)
)
(/usr/share/texlive/texmf-dist/tex/latex/adjustbox/trimclip.sty
Package: trimclip 2018/04/08 v1.1 Trim and clip general TeX material

(/usr/share/texlive/texmf-dist/tex/latex/collectbox/collectbox.sty
Package: collectbox 2012/05/17 v0.4b Collect macro arguments as boxes
\collectedbox=\box56
)
\tc@llx=\dimen187
\tc@lly=\dimen188
\tc@urx=\dimen189
\tc@ury=\dimen190
Package trimclip Info: Using driver 'tc-pdftex.def'.

(/usr/share/texlive/texmf-dist/tex/latex/adjustbox/tc-pdftex.def
File: tc-pdftex.def 2019/01/04 v2.2 Clipping driver for pdftex
))
\adjbox@Width=\dimen191
\adjbox@Height=\dimen192
\adjbox@Depth=\dimen193
\adjbox@Totalheight=\dimen194
\adjbox@pwidth=\dimen195
\adjbox@pheight=\dimen196
\adjbox@pdepth=\dimen197
\adjbox@ptotalheight=\dimen198

(/usr/share/texlive/texmf-dist/tex/latex/ifoddpage/ifoddpage.sty
Package: ifoddpage 2016/04/23 v1.1 Conditionals for odd/even page detection
\c@checkoddpage=\count198
)
(/usr/share/texlive/texmf-dist/tex/latex/varwidth/varwidth.sty
Package: varwidth 2009/03/30 ver 0.92;  Variable-width minipages
\@vwid@box=\box57
\sift@deathcycles=\count199
\@vwid@loff=\dimen199
\@vwid@roff=\dimen256
))
(/usr/share/texlive/texmf-dist/tex/latex/geometry/geometry.sty
Package: geometry 2020/01/02 v5.9 Page Geometry

(/usr/share/texlive/texmf-dist/tex/generic/iftex/ifvtex.sty
Package: ifvtex 2019/10/25 v1.7 ifvtex legacy package. Use iftex instead.

(/usr/share/texlive/texmf-dist/tex/generic/iftex/iftex.sty
Package: iftex 2019/11/07 v1.0c TeX engine tests
))
\Gm@cnth=\count266
\Gm@cntv=\count267
\c@Gm@tempcnt=\count268
\Gm@bindingoffset=\dimen257
\Gm@wd@mp=\dimen258
\Gm@odd@mp=\dimen259
\Gm@even@mp=\dimen260
\Gm@layoutwidth=\dimen261
\Gm@layoutheight=\dimen262
\Gm@layouthoffset=\dimen263
\Gm@layoutvoffset=\dimen264
\Gm@dimlist=\toks29
)
(/usr/share/texlive/texmf-dist/tex/latex/kvoptions/kvoptions.sty
Package: kvoptions 2019/11/29 v3.13 Key value format for package options (HO)

(/usr/share/texlive/texmf-dist/tex/generic/ltxcmds/ltxcmds.sty
Package: ltxcmds 2019/12/15 v1.24 LaTeX kernel commands for general use (HO)
)
(/usr/share/texlive/texmf-dist/tex/generic/kvsetkeys/kvsetkeys.sty
Package: kvsetkeys 2019/12/15 v1.18 Key value parser (HO)
))
(./vubprivate.sty
Package: vubprivate 
 (/usr/share/texlive/texmf-dist/tex/generic/iftex/ifxetex.sty
Package: ifxetex 2019/10/25 v0.7 ifxetex legacy package. Use iftex instead.
) (/usr/share/texlive/texmf-dist/tex/generic/iftex/ifluatex.sty
Package: ifluatex 2019/10/25 v1.5 ifluatex legacy package. Use iftex instead.
)))
(/usr/share/texlive/texmf-dist/tex/latex/biblatex/biblatex.sty
Package: biblatex 2019/12/01 v3.14 programmable bibliographies (PK/MW)

(/usr/share/texlive/texmf-dist/tex/latex/pdftexcmds/pdftexcmds.sty
Package: pdftexcmds 2019/11/24 v0.31 Utility functions of pdfTeX for LuaTeX (HO
)

(/usr/share/texlive/texmf-dist/tex/generic/infwarerr/infwarerr.sty
Package: infwarerr 2019/12/03 v1.5 Providing info/warning/error messages (HO)
)
Package pdftexcmds Info: \pdf@primitive is available.
Package pdftexcmds Info: \pdf@ifprimitive is available.
Package pdftexcmds Info: \pdfdraftmode found.
)
(/usr/share/texlive/texmf-dist/tex/latex/etoolbox/etoolbox.sty
Package: etoolbox 2019/09/21 v2.5h e-TeX tools for LaTeX (JAW)
\etb@tempcnta=\count269
)
(/usr/share/texlive/texmf-dist/tex/latex/logreq/logreq.sty
Package: logreq 2010/08/04 v1.0 xml request logger
\lrq@indent=\count270

(/usr/share/texlive/texmf-dist/tex/latex/logreq/logreq.def
File: logreq.def 2010/08/04 v1.0 logreq spec v1.0
))
(/usr/share/texlive/texmf-dist/tex/latex/base/ifthen.sty
Package: ifthen 2014/09/29 v1.1c Standard LaTeX ifthen package (DPC)
)
(/usr/share/texlive/texmf-dist/tex/latex/url/url.sty
\Urlmuskip=\muskip16
Package: url 2013/09/16  ver 3.4  Verb mode for urls, etc.
)
\c@tabx@nest=\count271
\c@listtotal=\count272
\c@listcount=\count273
\c@liststart=\count274
\c@liststop=\count275
\c@citecount=\count276
\c@citetotal=\count277
\c@multicitecount=\count278
\c@multicitetotal=\count279
\c@instcount=\count280
\c@maxnames=\count281
\c@minnames=\count282
\c@maxitems=\count283
\c@minitems=\count284
\c@citecounter=\count285
\c@maxcitecounter=\count286
\c@savedcitecounter=\count287
\c@uniquelist=\count288
\c@uniquename=\count289
\c@refsection=\count290
\c@refsegment=\count291
\c@maxextratitle=\count292
\c@maxextratitleyear=\count293
\c@maxextraname=\count294
\c@maxextradate=\count295
\c@maxextraalpha=\count296
\c@abbrvpenalty=\count297
\c@highnamepenalty=\count298
\c@lownamepenalty=\count299
\c@maxparens=\count300
\c@parenlevel=\count301
\blx@tempcnta=\count302
\blx@tempcntb=\count303
\blx@tempcntc=\count304
\blx@maxsection=\count305
\blx@maxsegment@0=\count306
\blx@notetype=\count307
\blx@parenlevel@text=\count308
\blx@parenlevel@foot=\count309
\blx@sectionciteorder@0=\count310
\blx@entrysetcounter=\count311
\labelnumberwidth=\skip49
\labelalphawidth=\skip50
\biblabelsep=\skip51
\bibitemsep=\skip52
\bibnamesep=\skip53
\bibinitsep=\skip54
\bibparsep=\skip55
\bibhang=\skip56
\blx@bcfin=\read3
\blx@bcfout=\write4
\blx@langwohyphens=\language85
\c@mincomprange=\count312
\c@maxcomprange=\count313
\c@mincompwidth=\count314
Package biblatex Info: Trying to load biblatex default data model...
Package biblatex Info: ... file 'blx-dm.def' found.

(/usr/share/texlive/texmf-dist/tex/latex/biblatex/blx-dm.def
File: blx-dm.def 2019/12/01 v3.14 biblatex localization (PK/MW)
)
Package biblatex Info: Trying to load biblatex style data model...
Package biblatex Info: ... file 'numeric.dbx' not found.
Package biblatex Info: Trying to load biblatex custom data model...
Package biblatex Info: ... file 'biblatex-dm.cfg' not found.
\c@afterword=\count315
\c@savedafterword=\count316
\c@annotator=\count317
\c@savedannotator=\count318
\c@author=\count319
\c@savedauthor=\count320
\c@bookauthor=\count321
\c@savedbookauthor=\count322
\c@commentator=\count323
\c@savedcommentator=\count324
\c@editor=\count325
\c@savededitor=\count326
\c@editora=\count327
\c@savededitora=\count328
\c@editorb=\count329
\c@savededitorb=\count330
\c@editorc=\count331
\c@savededitorc=\count332
\c@foreword=\count333
\c@savedforeword=\count334
\c@holder=\count335
\c@savedholder=\count336
\c@introduction=\count337
\c@savedintroduction=\count338
\c@namea=\count339
\c@savednamea=\count340
\c@nameb=\count341
\c@savednameb=\count342
\c@namec=\count343
\c@savednamec=\count344
\c@translator=\count345
\c@savedtranslator=\count346
\c@shortauthor=\count347
\c@savedshortauthor=\count348
\c@shorteditor=\count349
\c@savedshorteditor=\count350
\c@labelname=\count351
\c@savedlabelname=\count352
\c@institution=\count353
\c@savedinstitution=\count354
\c@lista=\count355
\c@savedlista=\count356
\c@listb=\count357
\c@savedlistb=\count358
\c@listc=\count359
\c@savedlistc=\count360
\c@listd=\count361
\c@savedlistd=\count362
\c@liste=\count363
\c@savedliste=\count364
\c@listf=\count365
\c@savedlistf=\count366
\c@location=\count367
\c@savedlocation=\count368
\c@organization=\count369
\c@savedorganization=\count370
\c@origlocation=\count371
\c@savedoriglocation=\count372
\c@origpublisher=\count373
\c@savedorigpublisher=\count374
\c@publisher=\count375
\c@savedpublisher=\count376
\c@language=\count377
\c@savedlanguage=\count378
\c@origlanguage=\count379
\c@savedoriglanguage=\count380
\c@pageref=\count381
\c@savedpageref=\count382
\shorthandwidth=\skip57
\shortjournalwidth=\skip58
\shortserieswidth=\skip59
\shorttitlewidth=\skip60
\shortauthorwidth=\skip61
\shorteditorwidth=\skip62
\locallabelnumberwidth=\skip63
\locallabelalphawidth=\skip64
\localshorthandwidth=\skip65
\localshortjournalwidth=\skip66
\localshortserieswidth=\skip67
\localshorttitlewidth=\skip68
\localshortauthorwidth=\skip69
\localshorteditorwidth=\skip70
Package biblatex Info: Trying to load compatibility code...
Package biblatex Info: ... file 'blx-compat.def' found.

(/usr/share/texlive/texmf-dist/tex/latex/biblatex/blx-compat.def
File: blx-compat.def 2019/12/01 v3.14 biblatex compatibility (PK/MW)
)
Package biblatex Info: Trying to load generic definitions...
Package biblatex Info: ... file 'biblatex.def' found.

(/usr/share/texlive/texmf-dist/tex/latex/biblatex/biblatex.def
File: biblatex.def 2019/12/01 v3.14 biblatex compatibility (PK/MW)
\c@textcitecount=\count383
\c@textcitetotal=\count384
\c@textcitemaxnames=\count385
\c@biburlbigbreakpenalty=\count386
\c@biburlbreakpenalty=\count387
\c@biburlnumpenalty=\count388
\c@biburlucpenalty=\count389
\c@biburllcpenalty=\count390
\biburlbigskip=\muskip17
\biburlnumskip=\muskip18
\biburlucskip=\muskip19
\biburllcskip=\muskip20
\c@smartand=\count391
)
Package biblatex Info: Trying to load bibliography style 'numeric'...
Package biblatex Info: ... file 'numeric.bbx' found.

(/usr/share/texlive/texmf-dist/tex/latex/biblatex/bbx/numeric.bbx
File: numeric.bbx 2019/12/01 v3.14 biblatex bibliography style (PK/MW)
Package biblatex Info: Trying to load bibliography style 'standard'...
Package biblatex Info: ... file 'standard.bbx' found.

(/usr/share/texlive/texmf-dist/tex/latex/biblatex/bbx/standard.bbx
File: standard.bbx 2019/12/01 v3.14 biblatex bibliography style (PK/MW)
\c@bbx:relatedcount=\count392
\c@bbx:relatedtotal=\count393
))
Package biblatex Info: Trying to load citation style 'numeric'...
Package biblatex Info: ... file 'numeric.cbx' found.

(/usr/share/texlive/texmf-dist/tex/latex/biblatex/cbx/numeric.cbx
File: numeric.cbx 2019/12/01 v3.14 biblatex citation style (PK/MW)
Package biblatex Info: Redefining '\cite'.
Package biblatex Info: Redefining '\parencite'.
Package biblatex Info: Redefining '\footcite'.
Package biblatex Info: Redefining '\footcitetext'.
Package biblatex Info: Redefining '\smartcite'.
Package biblatex Info: Redefining '\supercite'.
Package biblatex Info: Redefining '\textcite'.
Package biblatex Info: Redefining '\textcites'.
Package biblatex Info: Redefining '\cites'.
Package biblatex Info: Redefining '\parencites'.
Package biblatex Info: Redefining '\smartcites'.
)
Package biblatex Info: Trying to load configuration file...
Package biblatex Info: ... file 'biblatex.cfg' found.

(/usr/share/texlive/texmf-dist/tex/latex/biblatex/biblatex.cfg
File: biblatex.cfg 
))
(/usr/share/texlive/texmf-dist/tex/latex/tikz-feynman/tikz-feynman.sty
Package: tikz-feynman 2016/02/05v1.1.0Feynman diagrams with TikZ

(/usr/share/texlive/texmf-dist/tex/latex/pgfopts/pgfopts.sty
Package: pgfopts 2014/07/10 v2.1a LaTeX package options with pgfkeys
\pgfopts@list@add@a@toks=\toks30
\pgfopts@list@add@b@toks=\toks31
)
(/usr/share/texlive/texmf-dist/tex/latex/tikz-feynman/tikzlibraryfeynman.code.t
ex
(/usr/share/texlive/texmf-dist/tex/generic/pgf/libraries/pgflibraryarrows.meta.
code.tex
File: pgflibraryarrows.meta.code.tex 2020/01/08 v3.1.5b (3.1.5b)
\pgfarrowinset=\dimen265
\pgfarrowlength=\dimen266
\pgfarrowwidth=\dimen267
\pgfarrowlinewidth=\dimen268
)
(/usr/share/texlive/texmf-dist/tex/generic/pgf/frontendlayer/tikz/libraries/tik
zlibrarycalc.code.tex
File: tikzlibrarycalc.code.tex 2020/01/08 v3.1.5b (3.1.5b)
)
(/usr/share/texlive/texmf-dist/tex/generic/pgf/frontendlayer/tikz/libraries/tik
zlibrarydecorations.code.tex
(/usr/share/texlive/texmf-dist/tex/generic/pgf/modules/pgfmoduledecorations.cod
e.tex
\pgfdecoratedcompleteddistance=\dimen269
\pgfdecoratedremainingdistance=\dimen270
\pgfdecoratedinputsegmentcompleteddistance=\dimen271
\pgfdecoratedinputsegmentremainingdistance=\dimen272
\pgf@decorate@distancetomove=\dimen273
\pgf@decorate@repeatstate=\count394
\pgfdecorationsegmentamplitude=\dimen274
\pgfdecorationsegmentlength=\dimen275
)
\tikz@lib@dec@box=\box58
)
(/usr/share/texlive/texmf-dist/tex/generic/pgf/frontendlayer/tikz/libraries/tik
zlibrarydecorations.markings.code.tex
(/usr/share/texlive/texmf-dist/tex/generic/pgf/libraries/decorations/pgflibrary
decorations.markings.code.tex))
(/usr/share/texlive/texmf-dist/tex/generic/pgf/frontendlayer/tikz/libraries/tik
zlibrarydecorations.pathmorphing.code.tex
(/usr/share/texlive/texmf-dist/tex/generic/pgf/libraries/decorations/pgflibrary
decorations.pathmorphing.code.tex))
(/usr/share/texlive/texmf-dist/tex/generic/pgf/frontendlayer/tikz/libraries/tik
zlibrarydecorations.pathreplacing.code.tex
(/usr/share/texlive/texmf-dist/tex/generic/pgf/libraries/decorations/pgflibrary
decorations.pathreplacing.code.tex))
(/usr/share/texlive/texmf-dist/tex/generic/pgf/frontendlayer/tikz/libraries/gra
phs/tikzlibrarygraphs.code.tex
File: tikzlibrarygraphs.code.tex 2020/01/08 v3.1.5b (3.1.5b)
\tikz@lib@auto@number=\count395
\tikz@qnode@count=\count396
)
(/usr/share/texlive/texmf-dist/tex/generic/pgf/frontendlayer/tikz/libraries/tik
zlibrarypatterns.code.tex
File: tikzlibrarypatterns.code.tex 2020/01/08 v3.1.5b (3.1.5b)

(/usr/share/texlive/texmf-dist/tex/generic/pgf/libraries/pgflibrarypatterns.cod
e.tex
File: pgflibrarypatterns.code.tex 2020/01/08 v3.1.5b (3.1.5b)
))
(/usr/share/texlive/texmf-dist/tex/generic/pgf/frontendlayer/tikz/libraries/tik
zlibrarypositioning.code.tex
File: tikzlibrarypositioning.code.tex 2020/01/08 v3.1.5b (3.1.5b)
)
(/usr/share/texlive/texmf-dist/tex/generic/pgf/frontendlayer/tikz/libraries/tik
zlibraryshapes.geometric.code.tex
File: tikzlibraryshapes.geometric.code.tex 2020/01/08 v3.1.5b (3.1.5b)

(/usr/share/texlive/texmf-dist/tex/generic/pgf/libraries/shapes/pgflibraryshape
s.geometric.code.tex
File: pgflibraryshapes.geometric.code.tex 2020/01/08 v3.1.5b (3.1.5b)
))
(/usr/share/texlive/texmf-dist/tex/latex/tikz-feynman/tikzfeynman.keys.code.tex
))) (/usr/share/texlive/texmf-dist/tex/generic/babel/babel.sty
Package: babel 2020/02/14 3.40 The Babel package

(/usr/share/texlive/texmf-dist/tex/generic/babel/switch.def
File: switch.def 2020/02/14 3.40 Babel switching mechanism
)
(/usr/share/texlive/texmf-dist/tex/generic/babel-english/english.ldf
Language: english 2017/06/06 v3.3r English support from the babel system

(/usr/share/texlive/texmf-dist/tex/generic/babel/babel.def
File: babel.def 2020/02/14 3.40 Babel common definitions
\babel@savecnt=\count397
\U@D=\dimen276

(/usr/share/texlive/texmf-dist/tex/generic/babel/txtbabel.def)
\bbl@readstream=\read4
\bbl@dirlevel=\count398
)
Package babel Info: \l@canadian = using hyphenrules for english
(babel)             (\language0) on input line 102.
Package babel Info: \l@australian = using hyphenrules for ukenglish
(babel)             (\language59) on input line 105.
Package babel Info: \l@newzealand = using hyphenrules for ukenglish
(babel)             (\language59) on input line 108.
))
(/usr/share/texlive/texmf-dist/tex/latex/hyperref/hyperref.sty
Package: hyperref 2020/01/14 v7.00d Hypertext links for LaTeX

(/usr/share/texlive/texmf-dist/tex/generic/kvdefinekeys/kvdefinekeys.sty
Package: kvdefinekeys 2019-12-19 v1.6 Define keys (HO)
)
(/usr/share/texlive/texmf-dist/tex/generic/pdfescape/pdfescape.sty
Package: pdfescape 2019/12/09 v1.15 Implements pdfTeX's escape features (HO)
)
(/usr/share/texlive/texmf-dist/tex/latex/hycolor/hycolor.sty
Package: hycolor 2020-01-27 v1.10 Color options for hyperref/bookmark (HO)
)
(/usr/share/texlive/texmf-dist/tex/latex/letltxmacro/letltxmacro.sty
Package: letltxmacro 2019/12/03 v1.6 Let assignment for LaTeX macros (HO)
)
(/usr/share/texlive/texmf-dist/tex/latex/auxhook/auxhook.sty
Package: auxhook 2019-12-17 v1.6 Hooks for auxiliary files (HO)
)
\@linkdim=\dimen277
\Hy@linkcounter=\count399
\Hy@pagecounter=\count400

(/usr/share/texlive/texmf-dist/tex/latex/hyperref/pd1enc.def
File: pd1enc.def 2020/01/14 v7.00d Hyperref: PDFDocEncoding definition (HO)
Now handling font encoding PD1 ...
... no UTF-8 mapping file for font encoding PD1
)
(/usr/share/texlive/texmf-dist/tex/generic/intcalc/intcalc.sty
Package: intcalc 2019/12/15 v1.3 Expandable calculations with integers (HO)
)
(/usr/share/texlive/texmf-dist/tex/generic/etexcmds/etexcmds.sty
Package: etexcmds 2019/12/15 v1.7 Avoid name clashes with e-TeX commands (HO)
)
\Hy@SavedSpaceFactor=\count401
\pdfmajorversion=\count402
Package hyperref Info: Hyper figures OFF on input line 4547.
Package hyperref Info: Link nesting OFF on input line 4552.
Package hyperref Info: Hyper index ON on input line 4555.
Package hyperref Info: Plain pages OFF on input line 4562.
Package hyperref Info: Backreferencing OFF on input line 4567.
Package hyperref Info: Implicit mode ON; LaTeX internals redefined.
Package hyperref Info: Bookmarks ON on input line 4800.
\c@Hy@tempcnt=\count403
LaTeX Info: Redefining \url on input line 5159.
\XeTeXLinkMargin=\dimen278

(/usr/share/texlive/texmf-dist/tex/generic/bitset/bitset.sty
Package: bitset 2019/12/09 v1.3 Handle bit-vector datatype (HO)

(/usr/share/texlive/texmf-dist/tex/generic/bigintcalc/bigintcalc.sty
Package: bigintcalc 2019/12/15 v1.5 Expandable calculations on big integers (HO
)
))
\Fld@menulength=\count404
\Field@Width=\dimen279
\Fld@charsize=\dimen280
Package hyperref Info: Hyper figures OFF on input line 6430.
Package hyperref Info: Link nesting OFF on input line 6435.
Package hyperref Info: Hyper index ON on input line 6438.
Package hyperref Info: backreferencing OFF on input line 6445.
Package hyperref Info: Link coloring OFF on input line 6450.
Package hyperref Info: Link coloring with OCG OFF on input line 6455.
Package hyperref Info: PDF/A mode OFF on input line 6460.
LaTeX Info: Redefining \ref on input line 6500.
LaTeX Info: Redefining \pageref on input line 6504.

(/usr/share/texlive/texmf-dist/tex/generic/atbegshi/atbegshi.sty
Package: atbegshi 2019/12/05 v1.19 At begin shipout hook (HO)
)
\Hy@abspage=\count405
\c@Item=\count406
\c@Hfootnote=\count407
)
Package hyperref Info: Driver (autodetected): hpdftex.

(/usr/share/texlive/texmf-dist/tex/latex/hyperref/hpdftex.def
File: hpdftex.def 2020/01/14 v7.00d Hyperref driver for pdfTeX

(/usr/share/texlive/texmf-dist/tex/latex/atveryend/atveryend.sty
Package: atveryend 2019-12-11 v1.11 Hooks at the very end of document (HO)
)
\Fld@listcount=\count408
\c@bookmark@seq@number=\count409

(/usr/share/texlive/texmf-dist/tex/latex/rerunfilecheck/rerunfilecheck.sty
Package: rerunfilecheck 2019/12/05 v1.9 Rerun checks for auxiliary files (HO)

(/usr/share/texlive/texmf-dist/tex/generic/uniquecounter/uniquecounter.sty
Package: uniquecounter 2019/12/15 v1.4 Provide unlimited unique counter (HO)
)
Package uniquecounter Info: New unique counter `rerunfilecheck' on input line 2
86.
)
\Hy@SectionHShift=\skip71
)
(/usr/share/texlive/texmf-dist/tex/latex/float/float.sty
Package: float 2001/11/08 v1.3d Float enhancements (AL)
\c@float@type=\count410
\float@exts=\toks32
\float@box=\box59
\@float@everytoks=\toks33
\@floatcapt=\box60
)
(/usr/share/texlive/texmf-dist/tex/latex/footmisc/footmisc.sty
Package: footmisc 2011/06/06 v5.5b a miscellany of footnote facilities
\FN@temptoken=\toks34
\footnotemargin=\dimen281
\c@pp@next@reset=\count411
Package footmisc Info: Declaring symbol style bringhurst on input line 855.
Package footmisc Info: Declaring symbol style chicago on input line 863.
Package footmisc Info: Declaring symbol style wiley on input line 872.
Package footmisc Info: Declaring symbol style lamport-robust on input line 883.

Package footmisc Info: Declaring symbol style lamport* on input line 903.
Package footmisc Info: Declaring symbol style lamport*-robust on input line 924
.
)
(/usr/share/texlive/texmf-dist/tex/latex/amsmath/amsmath.sty
Package: amsmath 2020/01/20 v2.17e AMS math features
\@mathmargin=\skip72

For additional information on amsmath, use the `?' option.
(/usr/share/texlive/texmf-dist/tex/latex/amsmath/amstext.sty
Package: amstext 2000/06/29 v2.01 AMS text

(/usr/share/texlive/texmf-dist/tex/latex/amsmath/amsgen.sty
File: amsgen.sty 1999/11/30 v2.0 generic functions
\@emptytoks=\toks35
\ex@=\dimen282
))
(/usr/share/texlive/texmf-dist/tex/latex/amsmath/amsbsy.sty
Package: amsbsy 1999/11/29 v1.2d Bold Symbols
\pmbraise@=\dimen283
)
(/usr/share/texlive/texmf-dist/tex/latex/amsmath/amsopn.sty
Package: amsopn 2016/03/08 v2.02 operator names
)
\inf@bad=\count412
LaTeX Info: Redefining \frac on input line 227.
\uproot@=\count413
\leftroot@=\count414
LaTeX Info: Redefining \overline on input line 389.
\classnum@=\count415
\DOTSCASE@=\count416
LaTeX Info: Redefining \ldots on input line 486.
LaTeX Info: Redefining \dots on input line 489.
LaTeX Info: Redefining \cdots on input line 610.
\Mathstrutbox@=\box61
\strutbox@=\box62
\big@size=\dimen284
LaTeX Font Info:    Redeclaring font encoding OML on input line 733.
LaTeX Font Info:    Redeclaring font encoding OMS on input line 734.
\macc@depth=\count417
\c@MaxMatrixCols=\count418
\dotsspace@=\muskip21
\c@parentequation=\count419
\dspbrk@lvl=\count420
\tag@help=\toks36
\row@=\count421
\column@=\count422
\maxfields@=\count423
\andhelp@=\toks37
\eqnshift@=\dimen285
\alignsep@=\dimen286
\tagshift@=\dimen287
\tagwidth@=\dimen288
\totwidth@=\dimen289
\lineht@=\dimen290
\@envbody=\toks38
\multlinegap=\skip73
\multlinetaggap=\skip74
\mathdisplay@stack=\toks39
LaTeX Info: Redefining \[ on input line 2859.
LaTeX Info: Redefining \] on input line 2860.
)
(/usr/share/texlive/texmf-dist/tex/latex/tools/bm.sty
Package: bm 2019/07/24 v1.2d Bold Symbol Support (DPC/FMi)
\symboldoperators=\mathgroup4
\symboldletters=\mathgroup5
\symboldsymbols=\mathgroup6
LaTeX Font Info:    Redeclaring math alphabet \mathbf on input line 141.
LaTeX Info: Redefining \bm on input line 209.
)
(/usr/share/texlive/texmf-dist/tex/latex/caption/subcaption.sty
Package: subcaption 2020/01/22 v1.3d Sub-captions (AR)

(/usr/share/texlive/texmf-dist/tex/latex/caption/caption.sty
Package: caption 2020/01/03 v3.4h Customizing captions (AR)

(/usr/share/texlive/texmf-dist/tex/latex/caption/caption3.sty
Package: caption3 2020/01/03 v1.8h caption3 kernel (AR)
Package caption3 Info: TeX engine: e-TeX on input line 61.
\captionmargin=\dimen291
\captionmargin@=\dimen292
\captionwidth=\dimen293
\caption@tempdima=\dimen294
\caption@indent=\dimen295
\caption@parindent=\dimen296
\caption@hangindent=\dimen297
Package caption Info: Standard document class detected.
)
\c@caption@flags=\count424
\c@continuedfloat=\count425
Package caption Info: float package is loaded.
Package caption Info: hyperref package is loaded.
)
\c@subfigure=\count426
\c@subtable=\count427
)
(/usr/share/texlive/texmf-dist/tex/latex/mathtools/mathtools.sty
Package: mathtools 2020/01/17 v1.23 mathematical typesetting tools

(/usr/share/texlive/texmf-dist/tex/latex/tools/calc.sty
Package: calc 2017/05/25 v4.3 Infix arithmetic (KKT,FJ)
\calc@Acount=\count428
\calc@Bcount=\count429
\calc@Adimen=\dimen298
\calc@Bdimen=\dimen299
\calc@Askip=\skip75
\calc@Bskip=\skip76
LaTeX Info: Redefining \setlength on input line 80.
LaTeX Info: Redefining \addtolength on input line 81.
\calc@Ccount=\count430
\calc@Cskip=\skip77
)
(/usr/share/texlive/texmf-dist/tex/latex/mathtools/mhsetup.sty
Package: mhsetup 2017/03/31 v1.3 programming setup (MH)
)
LaTeX Info: Thecontrolsequence`\('isalreadyrobust on input line 129.
LaTeX Info: Thecontrolsequence`\)'isalreadyrobust on input line 129.
LaTeX Info: Thecontrolsequence`\['isalreadyrobust on input line 129.
LaTeX Info: Thecontrolsequence`\]'isalreadyrobust on input line 129.
\g_MT_multlinerow_int=\count431
\l_MT_multwidth_dim=\dimen300
\origjot=\skip78
\l_MT_shortvdotswithinadjustabove_dim=\dimen301
\l_MT_shortvdotswithinadjustbelow_dim=\dimen302
\l_MT_above_intertext_sep=\dimen303
\l_MT_below_intertext_sep=\dimen304
\l_MT_above_shortintertext_sep=\dimen305
\l_MT_below_shortintertext_sep=\dimen306
)
(/usr/share/texlive/texmf-dist/tex/latex/booktabs/booktabs.sty
Package: booktabs 2020/01/12 v1.61803398 Publication quality tables
\heavyrulewidth=\dimen307
\lightrulewidth=\dimen308
\cmidrulewidth=\dimen309
\belowrulesep=\dimen310
\belowbottomsep=\dimen311
\aboverulesep=\dimen312
\abovetopsep=\dimen313
\cmidrulesep=\dimen314
\cmidrulekern=\dimen315
\defaultaddspace=\dimen316
\@cmidla=\count432
\@cmidlb=\count433
\@aboverulesep=\dimen317
\@belowrulesep=\dimen318
\@thisruleclass=\count434
\@lastruleclass=\count435
\@thisrulewidth=\dimen319
)

Package biblatex Warning: 'babel/polyglossia' detected but 'csquotes' missing.
(biblatex)                Loading 'csquotes' recommended.

\@quotelevel=\count436
\@quotereset=\count437
(/usr/share/texlive/texmf-dist/tex/latex/l3backend/l3backend-pdfmode.def
File: l3backend-pdfmode.def 2020-02-03 L3 backend support: PDF mode
\l__kernel_color_stack_int=\count438
\l__pdf_internal_box=\box63
)
(./main.aux)
\openout1 = `main.aux'.

LaTeX Font Info:    Checking defaults for OML/cmm/m/it on input line 66.
LaTeX Font Info:    ... okay on input line 66.
LaTeX Font Info:    Checking defaults for OMS/cmsy/m/n on input line 66.
LaTeX Font Info:    ... okay on input line 66.
LaTeX Font Info:    Checking defaults for OT1/cmr/m/n on input line 66.
LaTeX Font Info:    ... okay on input line 66.
LaTeX Font Info:    Checking defaults for T1/cmr/m/n on input line 66.
LaTeX Font Info:    ... okay on input line 66.
LaTeX Font Info:    Checking defaults for TS1/cmr/m/n on input line 66.
LaTeX Font Info:    ... okay on input line 66.
LaTeX Font Info:    Checking defaults for OMX/cmex/m/n on input line 66.
LaTeX Font Info:    ... okay on input line 66.
LaTeX Font Info:    Checking defaults for U/cmr/m/n on input line 66.
LaTeX Font Info:    ... okay on input line 66.
LaTeX Font Info:    Checking defaults for PD1/pdf/m/n on input line 66.
LaTeX Font Info:    ... okay on input line 66.
 (/usr/share/texlive/texmf-dist/tex/context/base/mkii/supp-pdf.mkii
[Loading MPS to PDF converter (version 2006.09.02).]
\scratchcounter=\count439
\scratchdimen=\dimen320
\scratchbox=\box64
\nofMPsegments=\count440
\nofMParguments=\count441
\everyMPshowfont=\toks40
\MPscratchCnt=\count442
\MPscratchDim=\dimen321
\MPnumerator=\count443
\makeMPintoPDFobject=\count444
\everyMPtoPDFconversion=\toks41
) (/usr/share/texlive/texmf-dist/tex/latex/epstopdf-pkg/epstopdf-base.sty
Package: epstopdf-base 2020-01-24 v2.11 Base part for package epstopdf
Package epstopdf-base Info: Redefining graphics rule for `.eps' on input line 4
85.

(/usr/share/texlive/texmf-dist/tex/latex/latexconfig/epstopdf-sys.cfg
File: epstopdf-sys.cfg 2010/07/13 v1.3 Configuration of (r)epstopdf for TeX Liv
e
))
ABD: EveryShipout initializing macros
*geometry* driver: auto-detecting
*geometry* detected driver: pdftex
*geometry* verbose mode - [ preamble ] result:
* driver: pdftex
* paper: a4paper
* layout: <same size as paper>
* layoutoffset:(h,v)=(0.0pt,0.0pt)
* modes: twoside 
* h-part:(L,W,R)=(71.70166pt, 418.25368pt, 107.55254pt)
* v-part:(T,H,B)=(101.40665pt, 591.5302pt, 152.11pt)
* \paperwidth=597.50787pt
* \paperheight=845.04684pt
* \textwidth=418.25368pt
* \textheight=591.5302pt
* \oddsidemargin=-0.56833pt
* \evensidemargin=35.28255pt
* \topmargin=-0.93083pt
* \headheight=12.0pt
* \headsep=18.06749pt
* \topskip=10.0pt
* \footskip=25.29494pt
* \marginparwidth=115.0pt
* \marginparsep=7.0pt
* \columnsep=10.0pt
* \skip\footins=9.0pt plus 4.0pt minus 2.0pt
* \hoffset=0.0pt
* \voffset=0.0pt
* \mag=1000
* \@twocolumnfalse
* \@twosidetrue
* \@mparswitchtrue
* \@reversemarginfalse
* (1in=72.27pt=25.4mm, 1cm=28.453pt)

Package biblatex Info: Trying to load language 'english'...
Package biblatex Info: ... file 'english.lbx' found.
(/usr/share/texlive/texmf-dist/tex/latex/biblatex/lbx/english.lbx
File: english.lbx 2019/12/01 v3.14 biblatex localization (PK/MW)
)
Package biblatex Info: Input encoding 'utf8' detected.
Package biblatex Info: Automatic encoding selection.
(biblatex)             Assuming data encoding 'utf8'.
\openout4 = `main.bcf'.

Package biblatex Info: Trying to load bibliographic data...
Package biblatex Info: ... file 'main.bbl' found.
 (./main.bbl)
Package biblatex Info: Reference section=0 on input line 66.
Package biblatex Info: Reference segment=0 on input line 66.

Package tikz-feynman Warning: LuaTeX is required if you wish to have vertices a
utomatically placed. You can disable this warning by setting /tikzfeynman/warn 
luatex=false on input line 66.


Package tikz-feynman Warning: The preamble requested version 1.0.0, but the sys
tem version is 1.1.0. This may change some diagrams. on input line 66.

\AtBeginShipoutBox=\box65
Package hyperref Info: Link coloring OFF on input line 66.
(/usr/share/texlive/texmf-dist/tex/latex/hyperref/nameref.sty
Package: nameref 2019/09/16 v2.46 Cross-referencing by name of section

(/usr/share/texlive/texmf-dist/tex/latex/refcount/refcount.sty
Package: refcount 2019/12/15 v3.6 Data extraction from label references (HO)
)
(/usr/share/texlive/texmf-dist/tex/generic/gettitlestring/gettitlestring.sty
Package: gettitlestring 2019/12/15 v1.6 Cleanup title references (HO)
)
\c@section@level=\count445
)
LaTeX Info: Redefining \ref on input line 66.
LaTeX Info: Redefining \pageref on input line 66.
LaTeX Info: Redefining \nameref on input line 66.

(./main.out) (./main.out)
\@outlinefile=\write5
\openout5 = `main.out'.

Package caption Info: Begin \AtBeginDocument code.
Package caption Info: End \AtBeginDocument code.
*geometry* verbose mode - [ newgeometry ] result:
* driver: pdftex
* paper: a4paper
* layout: <same size as paper>
* layoutoffset:(h,v)=(0.0pt,0.0pt)
* modes: twoside 
* h-part:(L,W,R)=(51.21495pt, 517.84018pt, 28.45274pt)
* v-part:(T,H,B)=(56.9055pt, 686.7347pt, 101.40665pt)
* \paperwidth=597.50787pt
* \paperheight=845.04684pt
* \textwidth=517.84018pt
* \textheight=686.7347pt
* \oddsidemargin=-21.05504pt
* \evensidemargin=-43.81725pt
* \topmargin=-45.43198pt
* \headheight=12.0pt
* \headsep=18.06749pt
* \topskip=10.0pt
* \footskip=25.29494pt
* \marginparwidth=115.0pt
* \marginparsep=7.0pt
* \columnsep=10.0pt
* \skip\footins=9.0pt plus 4.0pt minus 2.0pt
* \hoffset=0.0pt
* \voffset=0.0pt
* \mag=1000
* \@twocolumnfalse
* \@twosidetrue
* \@mparswitchtrue
* \@reversemarginfalse
* (1in=72.27pt=25.4mm, 1cm=28.453pt)

<vub_logo_cmyk.pdf, id=284, 2094.8363pt x 738.42874pt>
File: vub_logo_cmyk.pdf Graphic file (type pdf)
<use vub_logo_cmyk.pdf>
Package pdftex.def Info: vub_logo_cmyk.pdf  used on input line 69.
(pdftex.def)             Requested size: 161.0427pt x 56.76566pt.

Overfull \hbox (15.0pt too wide) in paragraph at lines 69--69
[]$[]$ 
 []

LaTeX Font Info:    Trying to load font information for T1+qag on input line 69
.
(/usr/share/texmf/tex/latex/tex-gyre/t1qag.fd
File: t1qag.fd 2009/09/25 v1.2 font definition file for T1/qag
) [1




{/var/lib/texmf/fonts/map/pdftex/updmap/pdftex.map} <./vub_logo_cmyk.pdf>] [2


] [3] [4

] [5] [6

] [7] [8

]
(./main.toc [9])
\tf@toc=\write6
\openout6 = `main.toc'.

 [10] (./chapters/Introduction.tex
Chapter 1.

Underfull \hbox (badness 10000) in paragraph at lines 2--9

 []


Underfull \hbox (badness 10000) in paragraph at lines 2--9

 []


Underfull \hbox (badness 10000) in paragraph at lines 2--9

 []


Underfull \vbox (badness 2293) has occurred while \output is active []

 [1


]
<figures/Higgs_couplings.png, id=452, 3162.81625pt x 3034.33624pt>
File: figures/Higgs_couplings.png Graphic file (type png)
<use figures/Higgs_couplings.png>
Package pdftex.def Info: figures/Higgs_couplings.png  used on input line 12.
(pdftex.def)             Requested size: 209.12683pt x 200.6187pt.
)
(./chapters/Theory.tex [2 <./figures/Higgs_couplings.png>]
Chapter 2.

Underfull \hbox (badness 10000) in paragraph at lines 8--11

 []


Underfull \hbox (badness 10000) in paragraph at lines 38--47

 []


Underfull \hbox (badness 10000) in paragraph at lines 38--47

 []


Underfull \hbox (badness 10000) in paragraph at lines 38--47

 []

[3

]
Underfull \hbox (badness 10000) in paragraph at lines 50--59

 []


Underfull \hbox (badness 10000) in paragraph at lines 50--59

 []


Underfull \hbox (badness 10000) in paragraph at lines 50--59

 []


Underfull \hbox (badness 10000) in paragraph at lines 50--59

 []

[4]
Underfull \hbox (badness 10000) in paragraph at lines 65--69

 []

[5]
Underfull \hbox (badness 10000) in paragraph at lines 83--88

 []


Underfull \hbox (badness 10000) in paragraph at lines 105--110

 []


Underfull \hbox (badness 10000) in paragraph at lines 127--129

 []

[6]
Underfull \hbox (badness 10000) in paragraph at lines 132--136

 []


Underfull \hbox (badness 10000) in paragraph at lines 141--145

 []


Underfull \hbox (badness 10000) in paragraph at lines 147--150

 []

[7]

pdfTeX warning: pdflatex (file ./figures/Higgs_potential.pdf): PDF inclusion: f
ound PDF version <1.6>, but at most version <1.5> allowed
<figures/Higgs_potential.pdf, id=524, 269.807pt x 196.68782pt>
File: figures/Higgs_potential.pdf Graphic file (type pdf)
<use figures/Higgs_potential.pdf>
Package pdftex.def Info: figures/Higgs_potential.pdf  used on input line 174.
(pdftex.def)             Requested size: 250.95476pt x 182.95079pt.

Underfull \hbox (badness 10000) in paragraph at lines 185--189

 []

[8 <./figures/Higgs_potential.pdf>]

Package tikz-feynman Warning: The key you tried to use '/graph drawing/node dis
tance' requires LuaTeX. It will be ignored. on input line 211.


Package tikz-feynman Warning: The key you tried to use '/graph drawing/level di
stance' requires LuaTeX. It will be ignored. on input line 211.


Package tikz-feynman Warning: The key you tried to use '/graph drawing/sibling 
distance' requires LuaTeX. It will be ignored. on input line 211.


Package tikz-feynman Warning: The key you tried to use '/graph drawing/node dis
tance' requires LuaTeX. It will be ignored. on input line 218.


Package tikz-feynman Warning: The key you tried to use '/graph drawing/level di
stance' requires LuaTeX. It will be ignored. on input line 218.


Package tikz-feynman Warning: The key you tried to use '/graph drawing/sibling 
distance' requires LuaTeX. It will be ignored. on input line 218.


Package tikz-feynman Warning: The key you tried to use '/graph drawing/node dis
tance' requires LuaTeX. It will be ignored. on input line 234.


Package tikz-feynman Warning: The key you tried to use '/graph drawing/level di
stance' requires LuaTeX. It will be ignored. on input line 234.


Package tikz-feynman Warning: The key you tried to use '/graph drawing/sibling 
distance' requires LuaTeX. It will be ignored. on input line 234.


Package tikz-feynman Warning: The key you tried to use '/graph drawing/node dis
tance' requires LuaTeX. It will be ignored. on input line 241.


Package tikz-feynman Warning: The key you tried to use '/graph drawing/level di
stance' requires LuaTeX. It will be ignored. on input line 241.


Package tikz-feynman Warning: The key you tried to use '/graph drawing/sibling 
distance' requires LuaTeX. It will be ignored. on input line 241.


Overfull \hbox (2.2222pt too wide) in paragraph at lines 207--252
[]$[]$ $[]$ 
 []


Underfull \hbox (badness 10000) in paragraph at lines 200--255

 []


Underfull \hbox (badness 10000) in paragraph at lines 200--255

 []


Underfull \hbox (badness 10000) in paragraph at lines 200--255

 []

[9]

Package tikz-feynman Warning: The key you tried to use '/graph drawing/node dis
tance' requires LuaTeX. It will be ignored. on input line 260.


Package tikz-feynman Warning: The key you tried to use '/graph drawing/level di
stance' requires LuaTeX. It will be ignored. on input line 260.


Package tikz-feynman Warning: The key you tried to use '/graph drawing/sibling 
distance' requires LuaTeX. It will be ignored. on input line 260.


Package tikz-feynman Warning: The key you tried to use '/graph drawing/node dis
tance' requires LuaTeX. It will be ignored. on input line 268.


Package tikz-feynman Warning: The key you tried to use '/graph drawing/level di
stance' requires LuaTeX. It will be ignored. on input line 268.


Package tikz-feynman Warning: The key you tried to use '/graph drawing/sibling 
distance' requires LuaTeX. It will be ignored. on input line 268.

<figures/genPartonPt.pdf, id=558, 867.24pt x 867.24pt>
File: figures/genPartonPt.pdf Graphic file (type pdf)
<use figures/genPartonPt.pdf>
Package pdftex.def Info: figures/genPartonPt.pdf  used on input line 286.
(pdftex.def)             Requested size: 209.12683pt x 209.1211pt.

Package hyperref Warning: Token not allowed in a PDF string (PDFDocEncoding):
(hyperref)                removing `math shift' on input line 291.


Package hyperref Warning: Token not allowed in a PDF string (PDFDocEncoding):
(hyperref)                removing `\kappa' on input line 291.


Package hyperref Warning: Token not allowed in a PDF string (PDFDocEncoding):
(hyperref)                removing `math shift' on input line 291.


Underfull \hbox (badness 10000) in paragraph at lines 296--300

 []

[10] [11 <./figures/genPartonPt.pdf>]
Underfull \hbox (badness 10000) in paragraph at lines 322--326

 []

[12]
Underfull \hbox (badness 10000) in paragraph at lines 338--342

 []



pdfTeX warning: pdflatex (file ./figures/EFTDiagram.pdf): PDF inclusion: found 
PDF version <1.6>, but at most version <1.5> allowed
<figures/EFTDiagram.pdf, id=658, 338.95934pt x 196.68782pt>
File: figures/EFTDiagram.pdf Graphic file (type pdf)
<use figures/EFTDiagram.pdf>
Package pdftex.def Info: figures/EFTDiagram.pdf  used on input line 353.
(pdftex.def)             Requested size: 334.60422pt x 194.17232pt.

Underfull \hbox (badness 10000) in paragraph at lines 350--360

 []


Underfull \hbox (badness 10000) in paragraph at lines 362--366

 []

[13]
Underfull \hbox (badness 10000) in paragraph at lines 368--373

 []


Underfull \hbox (badness 10000) in paragraph at lines 376--380

 []

[14 <./figures/EFTDiagram.pdf>]
Underfull \hbox (badness 10000) in paragraph at lines 387--392

 []

<figures/TopCMD.pdf, id=695, 101.64273pt x 107.18443pt>
File: figures/TopCMD.pdf Graphic file (type pdf)
<use figures/TopCMD.pdf>
Package pdftex.def Info: figures/TopCMD.pdf  used on input line 395.
(pdftex.def)             Requested size: 125.47737pt x 132.32016pt.

Underfull \hbox (badness 10000) in paragraph at lines 402--403

 []

[15]

Package tikz-feynman Warning: The key you tried to use '/graph drawing/node dis
tance' requires LuaTeX. It will be ignored. on input line 412.


Package tikz-feynman Warning: The key you tried to use '/graph drawing/level di
stance' requires LuaTeX. It will be ignored. on input line 412.


Package tikz-feynman Warning: The key you tried to use '/graph drawing/sibling 
distance' requires LuaTeX. It will be ignored. on input line 412.


Package tikz-feynman Warning: The key you tried to use '/graph drawing/node dis
tance' requires LuaTeX. It will be ignored. on input line 421.


Package tikz-feynman Warning: The key you tried to use '/graph drawing/level di
stance' requires LuaTeX. It will be ignored. on input line 421.


Package tikz-feynman Warning: The key you tried to use '/graph drawing/sibling 
distance' requires LuaTeX. It will be ignored. on input line 421.


Package tikz-feynman Warning: The key you tried to use '/graph drawing/node dis
tance' requires LuaTeX. It will be ignored. on input line 443.


Package tikz-feynman Warning: The key you tried to use '/graph drawing/level di
stance' requires LuaTeX. It will be ignored. on input line 443.


Package tikz-feynman Warning: The key you tried to use '/graph drawing/sibling 
distance' requires LuaTeX. It will be ignored. on input line 443.


Package tikz-feynman Warning: The key you tried to use '/graph drawing/node dis
tance' requires LuaTeX. It will be ignored. on input line 450.


Package tikz-feynman Warning: The key you tried to use '/graph drawing/level di
stance' requires LuaTeX. It will be ignored. on input line 450.


Package tikz-feynman Warning: The key you tried to use '/graph drawing/sibling 
distance' requires LuaTeX. It will be ignored. on input line 450.


Overfull \hbox (2.21579pt too wide) in paragraph at lines 408--459
[]$[]$$[]$ $[]$ 
 []


Underfull \hbox (badness 10000) in paragraph at lines 465--472

 []


Underfull \hbox (badness 10000) in paragraph at lines 465--472

 []

[16 <./figures/TopCMD.pdf>]
<figures/validityCMD.pdf, id=752, 569.12625pt x 442.65375pt>
File: figures/validityCMD.pdf Graphic file (type pdf)
<use figures/validityCMD.pdf>
Package pdftex.def Info: figures/validityCMD.pdf  used on input line 500.
(pdftex.def)             Requested size: 250.95476pt x 195.18701pt.


Package hyperref Warning: Token not allowed in a PDF string (PDFDocEncoding):
(hyperref)                removing `math shift' on input line 505.


Package hyperref Warning: Token not allowed in a PDF string (PDFDocEncoding):
(hyperref)                removing `\kappa' on input line 505.


Package hyperref Warning: Token not allowed in a PDF string (PDFDocEncoding):
(hyperref)                removing `subscript' on input line 505.


Package hyperref Warning: Token not allowed in a PDF string (PDFDocEncoding):
(hyperref)                removing `math shift' on input line 505.

LaTeX Font Info:    Trying to load font information for OML+cmr on input line 5
06.
(/usr/share/texlive/texmf-dist/tex/latex/base/omlcmr.fd
File: omlcmr.fd 2019/12/16 v2.5j Standard LaTeX font definitions
)
LaTeX Font Info:    Font shape `OML/cmr/m/n' in size <10> not available
(Font)              Font shape `OML/cmm/m/it' tried instead on input line 506.
) (./chapters/CMS.tex
Underfull \hbox (badness 10000) in paragraph at lines 506--1

 []

[17] [18 <./figures/validityCMD.pdf, page is rotated 90 degrees>]
Chapter 3.

Underfull \hbox (badness 10000) in paragraph at lines 3--6

 []

<figures/LHC2.png, id=827, 274.8669pt x 167.6664pt>
File: figures/LHC2.png Graphic file (type png)
<use figures/LHC2.png>
Package pdftex.def Info: figures/LHC2.png  used on input line 9.
(pdftex.def)             Requested size: 376.42575pt x 229.63504pt.
<figures/CMS.png, id=831, 1323.94624pt x 887.315pt>
File: figures/CMS.png Graphic file (type png)
<use figures/CMS.png>
Package pdftex.def Info: figures/CMS.png  used on input line 16.
(pdftex.def)             Requested size: 376.42575pt x 252.27814pt.
[19

] [20 <./figures/LHC2.png> <./figures/CMS.png>]
Underfull \hbox (badness 10000) in paragraph at lines 35--40

 []

<figures/CMSTracker.pdf, id=853, 423.46184pt x 150.55324pt>
File: figures/CMSTracker.pdf Graphic file (type pdf)
<use figures/CMSTracker.pdf>
Package pdftex.def Info: figures/CMSTracker.pdf  used on input line 55.
(pdftex.def)             Requested size: 376.42575pt x 133.83572pt.

Underfull \hbox (badness 10000) in paragraph at lines 60--68

 []


Underfull \hbox (badness 10000) in paragraph at lines 60--68

 []


Underfull \hbox (badness 10000) in paragraph at lines 60--68

 []


Underfull \hbox (badness 10000) in paragraph at lines 60--68

 []


Underfull \hbox (badness 10000) in paragraph at lines 60--68

 []

[21] [22 <./figures/CMSTracker.pdf>]
<figures/CMSEcal.png, id=896, 1052.93375pt x 525.965pt>
File: figures/CMSEcal.png Graphic file (type png)
<use figures/CMSEcal.png>
Package pdftex.def Info: figures/CMSEcal.png  used on input line 73.
(pdftex.def)             Requested size: 376.42575pt x 188.03105pt.

Underfull \hbox (badness 10000) in paragraph at lines 79--82

 []


Underfull \vbox (badness 10000) has occurred while \output is active []

 [23 <./figures/CMSEcal.png>]
<figures/CMSMagnet2.png, id=909, 1077.02374pt x 562.1pt>
File: figures/CMSMagnet2.png Graphic file (type png)
<use figures/CMSMagnet2.png>
Package pdftex.def Info: figures/CMSMagnet2.png  used on input line 88.
(pdftex.def)             Requested size: 376.42575pt x 196.45491pt.

Underfull \hbox (badness 10000) in paragraph at lines 94--97

 []

[24 <./figures/CMSMagnet2.png>]
<figures/CMSMuonSystem.png, id=925, 1163.34625pt x 830.10126pt>
File: figures/CMSMuonSystem.png Graphic file (type png)
<use figures/CMSMuonSystem.png>
Package pdftex.def Info: figures/CMSMuonSystem.png  used on input line 100.
(pdftex.def)             Requested size: 376.42575pt x 268.60175pt.

Underfull \hbox (badness 10000) in paragraph at lines 106--111

 []


Underfull \hbox (badness 10000) in paragraph at lines 106--111

 []

[25 <./figures/CMSMuonSystem.png>]
Underfull \hbox (badness 10000) in paragraph at lines 124--128

 []

[26]
Underfull \hbox (badness 10000) in paragraph at lines 130--161

 []


Underfull \hbox (badness 10000) in paragraph at lines 130--161

 []


Underfull \hbox (badness 10000) in paragraph at lines 162--166

 []

[27]
<figures/PF.pdf, id=961, 450.9648pt x 311.05008pt>
File: figures/PF.pdf Graphic file (type pdf)
<use figures/PF.pdf>
Package pdftex.def Info: figures/PF.pdf  used on input line 169.
(pdftex.def)             Requested size: 376.42575pt x 259.65231pt.
 [28 <./figures/PF.pdf>]
Underfull \hbox (badness 10000) in paragraph at lines 183--186

 []


Underfull \hbox (badness 10000) in paragraph at lines 189--193

 []

[29]
Underfull \hbox (badness 10000) in paragraph at lines 198--201

 []


Underfull \hbox (badness 10000) in paragraph at lines 203--206

 []


Underfull \hbox (badness 10000) in paragraph at lines 211--218

 []


Underfull \hbox (badness 10000) in paragraph at lines 211--218

 []

[30] [31]
Underfull \hbox (badness 10000) in paragraph at lines 242--245

 []

<figures/HFJets.png, id=1013, 1763.58875pt x 997.7275pt>
File: figures/HFJets.png Graphic file (type png)
<use figures/HFJets.png>
Package pdftex.def Info: figures/HFJets.png  used on input line 248.
(pdftex.def)             Requested size: 292.77629pt x 165.62271pt.
<figures/2DSIP.png, id=1016, 1686.3pt x 578.16pt>
File: figures/2DSIP.png Graphic file (type png)
<use figures/2DSIP.png>
Package pdftex.def Info: figures/2DSIP.png  used on input line 255.
(pdftex.def)             Requested size: 418.25368pt x 143.4016pt.
[32] [33 <./figures/HFJets.png> <./figures/2DSIP.png>]
Underfull \hbox (badness 10000) in paragraph at lines 271--275

 []

<figures/DeepJetEfficiencies.png, id=1043, 1818.795pt x 854.19125pt>
File: figures/DeepJetEfficiencies.png Graphic file (type png)
<use figures/DeepJetEfficiencies.png>
Package pdftex.def Info: figures/DeepJetEfficiencies.png  used on input line 27
8.
(pdftex.def)             Requested size: 376.42575pt x 176.77867pt.
<figures/CvsX.png, id=1046, 1342.01375pt x 1347.0325pt>
File: figures/CvsX.png Graphic file (type png)
<use figures/CvsX.png>
Package pdftex.def Info: figures/CvsX.png  used on input line 285.
(pdftex.def)             Requested size: 188.21288pt x 188.91212pt.
[34] [35 <./figures/DeepJetEfficiencies.png> <./figures/CvsX.png>]
<figures/DeepFlavour_BvAll.png, id=1071, 746.79pt x 722.7pt>
File: figures/DeepFlavour_BvAll.png Graphic file (type png)
<use figures/DeepFlavour_BvAll.png>
Package pdftex.def Info: figures/DeepFlavour_BvAll.png  used on input line 299.

(pdftex.def)             Requested size: 209.12683pt x 202.37666pt.
<figures/DeepFlavour_CvB.png, id=1072, 722.7pt x 698.61pt>
File: figures/DeepFlavour_CvB.png Graphic file (type png)
<use figures/DeepFlavour_CvB.png>
Package pdftex.def Info: figures/DeepFlavour_CvB.png  used on input line 306.
(pdftex.def)             Requested size: 209.12683pt x 202.15465pt.
<figures/DeepFlavour_CvL.png, id=1073, 722.7pt x 698.61pt>
File: figures/DeepFlavour_CvL.png Graphic file (type png)
<use figures/DeepFlavour_CvL.png>
Package pdftex.def Info: figures/DeepFlavour_CvL.png  used on input line 311.
(pdftex.def)             Requested size: 209.12683pt x 202.15465pt.

Underfull \hbox (badness 10000) in paragraph at lines 295--321

 []

[36]
Overfull \hbox (65.3251pt too wide) has occurred while \output is active
\OT1/cmr/m/sl/10 3.4.  VALIDATION OF JET FLAVOUR TAGGING ALGORITHMS AND DATA QU
ALITY MONITORING \OT1/cmr/m/n/10 37
 []

[37 <./figures/DeepFlavour_BvAll.png> <./figures/DeepFlavour_CvB.png> <./figure
s/DeepFlavour_CvL.png>] [38]
<figures/Pileup2018.pdf, id=1111, 578.16pt x 433.62pt>
File: figures/Pileup2018.pdf Graphic file (type pdf)
<use figures/Pileup2018.pdf>
Package pdftex.def Info: figures/Pileup2018.pdf  used on input line 337.
(pdftex.def)             Requested size: 250.95476pt x 188.21295pt.
<figures/EventSimulation.png, id=1114, 2048.65375pt x 1865.97125pt>
File: figures/EventSimulation.png Graphic file (type png)
<use figures/EventSimulation.png>
Package pdftex.def Info: figures/EventSimulation.png  used on input line 344.
(pdftex.def)             Requested size: 292.77629pt x 266.64395pt.
) (./chapters/Analysis.tex [39] [40 <./figures/Pileup2018.pdf> <./figures/Event
Simulation.png (PNG copy)>]
Chapter 4.

Package hyperref Warning: Token not allowed in a PDF string (PDFDocEncoding):
(hyperref)                removing `math shift' on input line 1.


Package hyperref Warning: Token not allowed in a PDF string (PDFDocEncoding):
(hyperref)                removing `\rightarrow' on input line 1.


Package hyperref Warning: Token not allowed in a PDF string (PDFDocEncoding):
(hyperref)                removing `math shift' on input line 1.


Package hyperref Warning: Token not allowed in a PDF string (PDFDocEncoding):
(hyperref)                removing `math shift' on input line 1.


Package hyperref Warning: Token not allowed in a PDF string (PDFDocEncoding):
(hyperref)                removing `\mu' on input line 1.


Package hyperref Warning: Token not allowed in a PDF string (PDFDocEncoding):
(hyperref)                removing `math shift' on input line 1.


Underfull \hbox (badness 10000) in paragraph at lines 3--6

 []


Package hyperref Warning: Token not allowed in a PDF string (PDFDocEncoding):
(hyperref)                removing `math shift' on input line 6.


Package hyperref Warning: Token not allowed in a PDF string (PDFDocEncoding):
(hyperref)                removing `\rightarrow' on input line 6.


Package hyperref Warning: Token not allowed in a PDF string (PDFDocEncoding):
(hyperref)                removing `\mu' on input line 6.


Package hyperref Warning: Token not allowed in a PDF string (PDFDocEncoding):
(hyperref)                removing `math shift' on input line 6.


Package hyperref Warning: Token not allowed in a PDF string (PDFDocEncoding):
(hyperref)                removing `\leavevmode@ifvmode' on input line 6.


Package hyperref Warning: Token not allowed in a PDF string (PDFDocEncoding):
(hyperref)                \kern 1.66702pt
(hyperref)                removed on input line 6.


Underfull \hbox (badness 10000) in paragraph at lines 8--11

 []

[41

] [42]
<figures/higgsMass.pdf, id=1220, 867.24pt x 867.24pt>
File: figures/higgsMass.pdf Graphic file (type pdf)
<use figures/higgsMass.pdf>
Package pdftex.def Info: figures/higgsMass.pdf  used on input line 52.
(pdftex.def)             Requested size: 209.12683pt x 209.1211pt.
<figures/30-50GeV_DeltaPhi_template.pdf, id=1224, 867.24pt x 867.24pt>
File: figures/30-50GeV_DeltaPhi_template.pdf Graphic file (type pdf)
<use figures/30-50GeV_DeltaPhi_template.pdf>
Package pdftex.def Info: figures/30-50GeV_DeltaPhi_template.pdf  used on input 
line 69.
(pdftex.def)             Requested size: 209.12683pt x 209.1211pt.
<figures/30-50GeV_PtFrac_template.pdf, id=1225, 867.24pt x 867.24pt>
File: figures/30-50GeV_PtFrac_template.pdf Graphic file (type pdf)
<use figures/30-50GeV_PtFrac_template.pdf>
Package pdftex.def Info: figures/30-50GeV_PtFrac_template.pdf  used on input li
ne 74.
(pdftex.def)             Requested size: 209.12683pt x 209.1211pt.

Underfull \hbox (badness 10000) in paragraph at lines 64--101

 []

[43 <./figures/higgsMass.pdf>]
Underfull \vbox (badness 1838) has occurred while \output is active []

 [44 <./figures/30-50GeV_DeltaPhi_template.pdf> <./figures/30-50GeV_PtFrac_temp
late.pdf>]
Underfull \hbox (badness 10000) in paragraph at lines 108--116

 []


Underfull \hbox (badness 10000) in paragraph at lines 108--116

 []


Underfull \hbox (badness 10000) in paragraph at lines 108--116

 []

<figures/jetLikelihood.pdf, id=1430, 867.24pt x 867.24pt>
File: figures/jetLikelihood.pdf Graphic file (type pdf)
<use figures/jetLikelihood.pdf>
Package pdftex.def Info: figures/jetLikelihood.pdf  used on input line 119.
(pdftex.def)             Requested size: 209.12683pt x 209.1211pt.
<figures/jetPt.pdf, id=1431, 867.24pt x 867.24pt>
File: figures/jetPt.pdf Graphic file (type pdf)
<use figures/jetPt.pdf>
Package pdftex.def Info: figures/jetPt.pdf  used on input line 125.
(pdftex.def)             Requested size: 209.12683pt x 209.1211pt.
<figures/jetSelectionEfficiency.pdf, id=1432, 867.24pt x 867.24pt>
File: figures/jetSelectionEfficiency.pdf Graphic file (type pdf)
<use figures/jetSelectionEfficiency.pdf>
Package pdftex.def Info: figures/jetSelectionEfficiency.pdf  used on input line
 132.
(pdftex.def)             Requested size: 209.12683pt x 209.1211pt.
[45] [46 <./figures/jetLikelihood.pdf> <./figures/jetPt.pdf>]

Package hyperref Warning: Token not allowed in a PDF string (PDFDocEncoding):
(hyperref)                removing `math shift' on input line 150.


Package hyperref Warning: Token not allowed in a PDF string (PDFDocEncoding):
(hyperref)                removing `\rightarrow' on input line 150.


Package hyperref Warning: Token not allowed in a PDF string (PDFDocEncoding):
(hyperref)                removing `\mu' on input line 150.


Package hyperref Warning: Token not allowed in a PDF string (PDFDocEncoding):
(hyperref)                removing `math shift' on input line 150.


Package hyperref Warning: Token not allowed in a PDF string (PDFDocEncoding):
(hyperref)                removing `\leavevmode@ifvmode' on input line 150.


Package hyperref Warning: Token not allowed in a PDF string (PDFDocEncoding):
(hyperref)                \kern 1.66702pt
(hyperref)                removed on input line 150.


Overfull \hbox (0.3729pt too wide) in paragraph at lines 152--153
\OT1/cmr/m/n/10 The cH(ZZ$\OMS/cmsy/m/n/10 ! \OT1/cmr/m/n/10 4\OML/cmm/m/it/10 
^^V$\OT1/cmr/m/n/10 )process is es-ti-mated us-ing a sim-u-la-tion gen-er-ated 
by \OT1/cmss/m/n/10 Mad-Graph5[]aMC@NLO\OT1/cmr/m/n/10 [[]19[]].
 []

[47 <./figures/jetSelectionEfficiency.pdf>]
Underfull \hbox (badness 10000) in paragraph at lines 162--167

 []


Underfull \hbox (badness 10000) in paragraph at lines 162--167

 []

[48]

Package tikz-feynman Warning: The key you tried to use '/graph drawing/node dis
tance' requires LuaTeX. It will be ignored. on input line 181.


Package tikz-feynman Warning: The key you tried to use '/graph drawing/level di
stance' requires LuaTeX. It will be ignored. on input line 181.


Package tikz-feynman Warning: The key you tried to use '/graph drawing/sibling 
distance' requires LuaTeX. It will be ignored. on input line 181.


Package tikz-feynman Warning: The key you tried to use '/graph drawing/node dis
tance' requires LuaTeX. It will be ignored. on input line 185.


Package tikz-feynman Warning: The key you tried to use '/graph drawing/level di
stance' requires LuaTeX. It will be ignored. on input line 185.


Package tikz-feynman Warning: The key you tried to use '/graph drawing/sibling 
distance' requires LuaTeX. It will be ignored. on input line 185.


Package tikz-feynman Warning: The key you tried to use '/graph drawing/node dis
tance' requires LuaTeX. It will be ignored. on input line 201.


Package tikz-feynman Warning: The key you tried to use '/graph drawing/level di
stance' requires LuaTeX. It will be ignored. on input line 201.


Package tikz-feynman Warning: The key you tried to use '/graph drawing/sibling 
distance' requires LuaTeX. It will be ignored. on input line 201.


Package tikz-feynman Warning: The key you tried to use '/graph drawing/node dis
tance' requires LuaTeX. It will be ignored. on input line 208.


Package tikz-feynman Warning: The key you tried to use '/graph drawing/level di
stance' requires LuaTeX. It will be ignored. on input line 208.


Package tikz-feynman Warning: The key you tried to use '/graph drawing/sibling 
distance' requires LuaTeX. It will be ignored. on input line 208.


Package tikz-feynman Warning: The key you tried to use '/graph drawing/node dis
tance' requires LuaTeX. It will be ignored. on input line 226.


Package tikz-feynman Warning: The key you tried to use '/graph drawing/level di
stance' requires LuaTeX. It will be ignored. on input line 226.


Package tikz-feynman Warning: The key you tried to use '/graph drawing/sibling 
distance' requires LuaTeX. It will be ignored. on input line 226.


Package tikz-feynman Warning: The key you tried to use '/graph drawing/node dis
tance' requires LuaTeX. It will be ignored. on input line 235.


Package tikz-feynman Warning: The key you tried to use '/graph drawing/level di
stance' requires LuaTeX. It will be ignored. on input line 235.


Package tikz-feynman Warning: The key you tried to use '/graph drawing/sibling 
distance' requires LuaTeX. It will be ignored. on input line 235.


Package tikz-feynman Warning: The key you tried to use '/graph drawing/node dis
tance' requires LuaTeX. It will be ignored. on input line 254.


Package tikz-feynman Warning: The key you tried to use '/graph drawing/level di
stance' requires LuaTeX. It will be ignored. on input line 254.


Package tikz-feynman Warning: The key you tried to use '/graph drawing/sibling 
distance' requires LuaTeX. It will be ignored. on input line 254.


Package tikz-feynman Warning: The key you tried to use '/graph drawing/node dis
tance' requires LuaTeX. It will be ignored. on input line 263.


Package tikz-feynman Warning: The key you tried to use '/graph drawing/level di
stance' requires LuaTeX. It will be ignored. on input line 263.


Package tikz-feynman Warning: The key you tried to use '/graph drawing/sibling 
distance' requires LuaTeX. It will be ignored. on input line 263.


Underfull \hbox (badness 10000) in paragraph at lines 176--278
[]$[]$$[]$
 []


Overfull \hbox (2.2222pt too wide) in paragraph at lines 176--278
[]$ $[]$ 
 []

<figures/METype_METypeNoSelection.pdf, id=1666, 867.24pt x 867.24pt>
File: figures/METype_METypeNoSelection.pdf Graphic file (type pdf)
<use figures/METype_METypeNoSelection.pdf>
Package pdftex.def Info: figures/METype_METypeNoSelection.pdf  used on input li
ne 283.
(pdftex.def)             Requested size: 209.12683pt x 209.1211pt.
<figures/METype_METype.pdf, id=1667, 867.24pt x 867.24pt>
File: figures/METype_METype.pdf Graphic file (type pdf)
<use figures/METype_METype.pdf>
Package pdftex.def Info: figures/METype_METype.pdf  used on input line 289.
(pdftex.def)             Requested size: 209.12683pt x 209.1211pt.

Underfull \hbox (badness 10000) in paragraph at lines 173--312

 []


Underfull \hbox (badness 10000) in paragraph at lines 173--312

 []


Underfull \hbox (badness 10000) in paragraph at lines 315--316

 []

[49] [50] [51 <./figures/METype_METypeNoSelection.pdf> <./figures/METype_METype
.pdf>]

Package tikz-feynman Warning: The key you tried to use '/graph drawing/node dis
tance' requires LuaTeX. It will be ignored. on input line 331.


Package tikz-feynman Warning: The key you tried to use '/graph drawing/level di
stance' requires LuaTeX. It will be ignored. on input line 331.


Package tikz-feynman Warning: The key you tried to use '/graph drawing/sibling 
distance' requires LuaTeX. It will be ignored. on input line 331.


Package tikz-feynman Warning: The key you tried to use '/graph drawing/node dis
tance' requires LuaTeX. It will be ignored. on input line 337.


Package tikz-feynman Warning: The key you tried to use '/graph drawing/level di
stance' requires LuaTeX. It will be ignored. on input line 337.


Package tikz-feynman Warning: The key you tried to use '/graph drawing/sibling 
distance' requires LuaTeX. It will be ignored. on input line 337.


Package tikz-feynman Warning: The key you tried to use '/graph drawing/node dis
tance' requires LuaTeX. It will be ignored. on input line 355.


Package tikz-feynman Warning: The key you tried to use '/graph drawing/level di
stance' requires LuaTeX. It will be ignored. on input line 355.


Package tikz-feynman Warning: The key you tried to use '/graph drawing/sibling 
distance' requires LuaTeX. It will be ignored. on input line 355.


Package tikz-feynman Warning: The key you tried to use '/graph drawing/node dis
tance' requires LuaTeX. It will be ignored. on input line 363.


Package tikz-feynman Warning: The key you tried to use '/graph drawing/level di
stance' requires LuaTeX. It will be ignored. on input line 363.


Package tikz-feynman Warning: The key you tried to use '/graph drawing/sibling 
distance' requires LuaTeX. It will be ignored. on input line 363.


Package tikz-feynman Warning: The key you tried to use '/graph drawing/node dis
tance' requires LuaTeX. It will be ignored. on input line 384.


Package tikz-feynman Warning: The key you tried to use '/graph drawing/level di
stance' requires LuaTeX. It will be ignored. on input line 384.


Package tikz-feynman Warning: The key you tried to use '/graph drawing/sibling 
distance' requires LuaTeX. It will be ignored. on input line 384.


Package tikz-feynman Warning: The key you tried to use '/graph drawing/node dis
tance' requires LuaTeX. It will be ignored. on input line 390.


Package tikz-feynman Warning: The key you tried to use '/graph drawing/level di
stance' requires LuaTeX. It will be ignored. on input line 390.


Package tikz-feynman Warning: The key you tried to use '/graph drawing/sibling 
distance' requires LuaTeX. It will be ignored. on input line 390.


Package tikz-feynman Warning: The key you tried to use '/graph drawing/node dis
tance' requires LuaTeX. It will be ignored. on input line 407.


Package tikz-feynman Warning: The key you tried to use '/graph drawing/level di
stance' requires LuaTeX. It will be ignored. on input line 407.


Package tikz-feynman Warning: The key you tried to use '/graph drawing/sibling 
distance' requires LuaTeX. It will be ignored. on input line 407.


Package tikz-feynman Warning: The key you tried to use '/graph drawing/node dis
tance' requires LuaTeX. It will be ignored. on input line 415.


Package tikz-feynman Warning: The key you tried to use '/graph drawing/level di
stance' requires LuaTeX. It will be ignored. on input line 415.


Package tikz-feynman Warning: The key you tried to use '/graph drawing/sibling 
distance' requires LuaTeX. It will be ignored. on input line 415.


Package tikz-feynman Warning: The key you tried to use '/graph drawing/node dis
tance' requires LuaTeX. It will be ignored. on input line 435.


Package tikz-feynman Warning: The key you tried to use '/graph drawing/level di
stance' requires LuaTeX. It will be ignored. on input line 435.


Package tikz-feynman Warning: The key you tried to use '/graph drawing/sibling 
distance' requires LuaTeX. It will be ignored. on input line 435.


Package tikz-feynman Warning: The key you tried to use '/graph drawing/node dis
tance' requires LuaTeX. It will be ignored. on input line 443.


Package tikz-feynman Warning: The key you tried to use '/graph drawing/level di
stance' requires LuaTeX. It will be ignored. on input line 443.


Package tikz-feynman Warning: The key you tried to use '/graph drawing/sibling 
distance' requires LuaTeX. It will be ignored. on input line 443.


Package tikz-feynman Warning: The key you tried to use '/graph drawing/node dis
tance' requires LuaTeX. It will be ignored. on input line 462.


Package tikz-feynman Warning: The key you tried to use '/graph drawing/level di
stance' requires LuaTeX. It will be ignored. on input line 462.


Package tikz-feynman Warning: The key you tried to use '/graph drawing/sibling 
distance' requires LuaTeX. It will be ignored. on input line 462.


Package tikz-feynman Warning: The key you tried to use '/graph drawing/node dis
tance' requires LuaTeX. It will be ignored. on input line 470.


Package tikz-feynman Warning: The key you tried to use '/graph drawing/level di
stance' requires LuaTeX. It will be ignored. on input line 470.


Package tikz-feynman Warning: The key you tried to use '/graph drawing/sibling 
distance' requires LuaTeX. It will be ignored. on input line 470.


Package tikz-feynman Warning: The key you tried to use '/graph drawing/node dis
tance' requires LuaTeX. It will be ignored. on input line 492.


Package tikz-feynman Warning: The key you tried to use '/graph drawing/level di
stance' requires LuaTeX. It will be ignored. on input line 492.


Package tikz-feynman Warning: The key you tried to use '/graph drawing/sibling 
distance' requires LuaTeX. It will be ignored. on input line 492.

Missing character: There is no o in font nullfont!
Missing character: There is no f in font nullfont!
Missing character: There is no Q in font nullfont!
Missing character: There is no C in font nullfont!
Missing character: There is no D in font nullfont!

Package tikz-feynman Warning: The key you tried to use '/graph drawing/node dis
tance' requires LuaTeX. It will be ignored. on input line 498.


Package tikz-feynman Warning: The key you tried to use '/graph drawing/level di
stance' requires LuaTeX. It will be ignored. on input line 498.


Package tikz-feynman Warning: The key you tried to use '/graph drawing/sibling 
distance' requires LuaTeX. It will be ignored. on input line 498.

[52] [53]

Package tikz-feynman Warning: The key you tried to use '/graph drawing/node dis
tance' requires LuaTeX. It will be ignored. on input line 589.


Package tikz-feynman Warning: The key you tried to use '/graph drawing/level di
stance' requires LuaTeX. It will be ignored. on input line 589.


Package tikz-feynman Warning: The key you tried to use '/graph drawing/sibling 
distance' requires LuaTeX. It will be ignored. on input line 589.


Package tikz-feynman Warning: The key you tried to use '/graph drawing/node dis
tance' requires LuaTeX. It will be ignored. on input line 595.


Package tikz-feynman Warning: The key you tried to use '/graph drawing/level di
stance' requires LuaTeX. It will be ignored. on input line 595.


Package tikz-feynman Warning: The key you tried to use '/graph drawing/sibling 
distance' requires LuaTeX. It will be ignored. on input line 595.


Package tikz-feynman Warning: The key you tried to use '/graph drawing/node dis
tance' requires LuaTeX. It will be ignored. on input line 612.


Package tikz-feynman Warning: The key you tried to use '/graph drawing/level di
stance' requires LuaTeX. It will be ignored. on input line 612.


Package tikz-feynman Warning: The key you tried to use '/graph drawing/sibling 
distance' requires LuaTeX. It will be ignored. on input line 612.


Package tikz-feynman Warning: The key you tried to use '/graph drawing/node dis
tance' requires LuaTeX. It will be ignored. on input line 618.


Package tikz-feynman Warning: The key you tried to use '/graph drawing/level di
stance' requires LuaTeX. It will be ignored. on input line 618.


Package tikz-feynman Warning: The key you tried to use '/graph drawing/sibling 
distance' requires LuaTeX. It will be ignored. on input line 618.

[54]
<figures/FakeRate.pdf, id=1847, 1011.78pt x 722.7pt>
File: figures/FakeRate.pdf Graphic file (type pdf)
<use figures/FakeRate.pdf>
Package pdftex.def Info: figures/FakeRate.pdf  used on input line 645.
(pdftex.def)             Requested size: 292.77629pt x 209.1255pt.

Underfull \hbox (badness 10000) in paragraph at lines 651--654

 []

[55 <./figures/FakeRate.pdf>] [56]
Underfull \hbox (badness 10000) in paragraph at lines 699--704

 []


Underfull \hbox (badness 10000) in paragraph at lines 699--704

 []


Underfull \hbox (badness 10000) in paragraph at lines 713--718

 []

[57]

Package hyperref Warning: Token not allowed in a PDF string (PDFDocEncoding):
(hyperref)                removing `math shift' on input line 719.


Package hyperref Warning: Token not allowed in a PDF string (PDFDocEncoding):
(hyperref)                removing `\rightarrow' on input line 719.


Package hyperref Warning: Token not allowed in a PDF string (PDFDocEncoding):
(hyperref)                removing `\mu' on input line 719.


Package hyperref Warning: Token not allowed in a PDF string (PDFDocEncoding):
(hyperref)                removing `math shift' on input line 719.


Package hyperref Warning: Token not allowed in a PDF string (PDFDocEncoding):
(hyperref)                removing `\leavevmode@ifvmode' on input line 719.


Package hyperref Warning: Token not allowed in a PDF string (PDFDocEncoding):
(hyperref)                \kern 1.66702pt
(hyperref)                removed on input line 719.

<figures/Higgs_mass.pdf, id=1959, 867.24pt x 867.24pt>
File: figures/Higgs_mass.pdf Graphic file (type pdf)
<use figures/Higgs_mass.pdf>
Package pdftex.def Info: figures/Higgs_mass.pdf  used on input line 724.
(pdftex.def)             Requested size: 209.12683pt x 209.1211pt.
<figures/Higgs_pt.pdf, id=1960, 867.24pt x 867.24pt>
File: figures/Higgs_pt.pdf Graphic file (type pdf)
<use figures/Higgs_pt.pdf>
Package pdftex.def Info: figures/Higgs_pt.pdf  used on input line 731.
(pdftex.def)             Requested size: 209.12683pt x 209.1211pt.
<figures/Z1_mass.pdf, id=1961, 867.24pt x 867.24pt>
File: figures/Z1_mass.pdf Graphic file (type pdf)
<use figures/Z1_mass.pdf>
Package pdftex.def Info: figures/Z1_mass.pdf  used on input line 737.
(pdftex.def)             Requested size: 209.12683pt x 209.1211pt.
<figures/Z2_mass.pdf, id=1962, 867.24pt x 867.24pt>
File: figures/Z2_mass.pdf Graphic file (type pdf)
<use figures/Z2_mass.pdf>
Package pdftex.def Info: figures/Z2_mass.pdf  used on input line 744.
(pdftex.def)             Requested size: 209.12683pt x 209.1211pt.
<figures/jet_pt.pdf, id=1963, 867.24pt x 867.24pt>
File: figures/jet_pt.pdf Graphic file (type pdf)
<use figures/jet_pt.pdf>
Package pdftex.def Info: figures/jet_pt.pdf  used on input line 750.
(pdftex.def)             Requested size: 209.12683pt x 209.1211pt.
<figures/jet_btagDeepFlavCvL.pdf, id=1964, 867.24pt x 867.24pt>
File: figures/jet_btagDeepFlavCvL.pdf Graphic file (type pdf)
<use figures/jet_btagDeepFlavCvL.pdf>
Package pdftex.def Info: figures/jet_btagDeepFlavCvL.pdf  used on input line 75
9.
(pdftex.def)             Requested size: 209.12683pt x 209.1211pt.
<figures/jet_btagDeepFlavCvB.pdf, id=1965, 867.24pt x 867.24pt>
File: figures/jet_btagDeepFlavCvB.pdf Graphic file (type pdf)
<use figures/jet_btagDeepFlavCvB.pdf>
Package pdftex.def Info: figures/jet_btagDeepFlavCvB.pdf  used on input line 76
5.
(pdftex.def)             Requested size: 209.12683pt x 209.1211pt.
<figures/jet_likelihood.pdf, id=1966, 867.24pt x 867.24pt>
File: figures/jet_likelihood.pdf Graphic file (type pdf)
<use figures/jet_likelihood.pdf>
Package pdftex.def Info: figures/jet_likelihood.pdf  used on input line 774.
(pdftex.def)             Requested size: 213.30707pt x 213.30272pt.

Underfull \hbox (badness 10000) in paragraph at lines 782--784

 []


Underfull \hbox (badness 10000) in paragraph at lines 782--784

 []


Underfull \vbox (badness 1281) has occurred while \output is active []

 [58]
[59 <./figures/Higgs_mass.pdf>] [60 <./figures/Higgs_pt.pdf> <./figures/Z1_mass
.pdf> <./figures/Z2_mass.pdf> <./figures/jet_pt.pdf>] [61 <./figures/jet_btagDe
epFlavCvL.pdf> <./figures/jet_btagDeepFlavCvB.pdf> <./figures/jet_likelihood.pd
f>] [62] [63] [64]
Underfull \hbox (badness 10000) in paragraph at lines 856--860

 []


Underfull \hbox (badness 10000) in paragraph at lines 856--860

 []


Underfull \hbox (badness 10000) in paragraph at lines 856--860

 []


Package hyperref Warning: Token not allowed in a PDF string (PDFDocEncoding):
(hyperref)                removing `math shift' on input line 860.


Package hyperref Warning: Token not allowed in a PDF string (PDFDocEncoding):
(hyperref)                removing `\sigma' on input line 860.


Package hyperref Warning: Token not allowed in a PDF string (PDFDocEncoding):
(hyperref)                removing `math shift' on input line 860.


Package hyperref Warning: Token not allowed in a PDF string (PDFDocEncoding):
(hyperref)                removing `math shift' on input line 860.


Package hyperref Warning: Token not allowed in a PDF string (PDFDocEncoding):
(hyperref)                removing `\rightarrow' on input line 860.


Package hyperref Warning: Token not allowed in a PDF string (PDFDocEncoding):
(hyperref)                removing `\mu' on input line 860.


Package hyperref Warning: Token not allowed in a PDF string (PDFDocEncoding):
(hyperref)                removing `math shift' on input line 860.


Package hyperref Warning: Token not allowed in a PDF string (PDFDocEncoding):
(hyperref)                removing `\leavevmode@ifvmode' on input line 860.


Package hyperref Warning: Token not allowed in a PDF string (PDFDocEncoding):
(hyperref)                \kern 1.66702pt
(hyperref)                removed on input line 860.

<figures/UnrolledDisc_mH_100To130.pdf, id=2670, 867.24pt x 867.24pt>
File: figures/UnrolledDisc_mH_100To130.pdf Graphic file (type pdf)
<use figures/UnrolledDisc_mH_100To130.pdf>
Package pdftex.def Info: figures/UnrolledDisc_mH_100To130.pdf  used on input li
ne 871.
(pdftex.def)             Requested size: 209.12683pt x 209.1211pt.
<figures/UnrolledDisc.pdf, id=2671, 867.24pt x 867.24pt>
File: figures/UnrolledDisc.pdf Graphic file (type pdf)
<use figures/UnrolledDisc.pdf>
Package pdftex.def Info: figures/UnrolledDisc.pdf  used on input line 877.
(pdftex.def)             Requested size: 209.12683pt x 209.1211pt.

Underfull \hbox (badness 10000) in paragraph at lines 861--884

 []


Underfull \hbox (badness 10000) in paragraph at lines 861--884

 []


Underfull \hbox (badness 10000) in paragraph at lines 861--884

 []

[65] [66]
Underfull \hbox (badness 10000) in paragraph at lines 885--886

 []

[67 <./figures/UnrolledDisc_mH_100To130.pdf> <./figures/UnrolledDisc.pdf>]
<figures/ImpactsSM.pdf, id=2847, 569.12625pt x 467.7475pt>
File: figures/ImpactsSM.pdf Graphic file (type pdf)
<use figures/ImpactsSM.pdf>
Package pdftex.def Info: figures/ImpactsSM.pdf  used on input line 889.
(pdftex.def)             Requested size: 376.42575pt x 309.3852pt.

Underfull \hbox (badness 10000) in paragraph at lines 895--898

 []

[68] [69 <./figures/ImpactsSM.pdf, page is rotated 90 degrees>]
<figures/postFitPlots.pdf, id=2907, 867.24pt x 867.24pt>
File: figures/postFitPlots.pdf Graphic file (type pdf)
<use figures/postFitPlots.pdf>
Package pdftex.def Info: figures/postFitPlots.pdf  used on input line 901.
(pdftex.def)             Requested size: 230.04079pt x 230.02924pt.
<figures/NuisanceFit.png, id=2908, 2180.145pt x 1345.025pt>
File: figures/NuisanceFit.png Graphic file (type png)
<use figures/NuisanceFit.png>
Package pdftex.def Info: figures/NuisanceFit.png  used on input line 908.
(pdftex.def)             Requested size: 376.42575pt x 232.22229pt.

Underfull \hbox (badness 10000) in paragraph at lines 914--917

 []


Overfull \hbox (3.64996pt too wide) in paragraph at lines 914--917
\OT1/cmr/m/n/10 Similarly, the re-sult may be ex-trap-o-lated to the ex-pected 
3000 fb$[]$ dataset of the High-Luminosity
 []

[70 <./figures/postFitPlots.pdf>]
Underfull \hbox (badness 10000) in paragraph at lines 919--924

 []


Underfull \hbox (badness 10000) in paragraph at lines 919--924

 []

[71 <./figures/NuisanceFit.png>]) (./chapters/EFT.tex [72]
Chapter 5.

Package hyperref Warning: Token not allowed in a PDF string (PDFDocEncoding):
(hyperref)                removing `math shift' on input line 1.


Package hyperref Warning: Token not allowed in a PDF string (PDFDocEncoding):
(hyperref)                removing `\rightarrow' on input line 1.


Package hyperref Warning: Token not allowed in a PDF string (PDFDocEncoding):
(hyperref)                removing `math shift' on input line 1.


Package hyperref Warning: Token not allowed in a PDF string (PDFDocEncoding):
(hyperref)                removing `math shift' on input line 1.


Package hyperref Warning: Token not allowed in a PDF string (PDFDocEncoding):
(hyperref)                removing `\mu' on input line 1.


Package hyperref Warning: Token not allowed in a PDF string (PDFDocEncoding):
(hyperref)                removing `math shift' on input line 1.


Package hyperref Warning: Token not allowed in a PDF string (PDFDocEncoding):
(hyperref)                removing `math shift' on input line 5.


Package hyperref Warning: Token not allowed in a PDF string (PDFDocEncoding):
(hyperref)                removing `\rightarrow' on input line 5.


Package hyperref Warning: Token not allowed in a PDF string (PDFDocEncoding):
(hyperref)                removing `\mu' on input line 5.


Package hyperref Warning: Token not allowed in a PDF string (PDFDocEncoding):
(hyperref)                removing `math shift' on input line 5.


Package hyperref Warning: Token not allowed in a PDF string (PDFDocEncoding):
(hyperref)                removing `math shift' on input line 5.


Package hyperref Warning: Token not allowed in a PDF string (PDFDocEncoding):
(hyperref)                removing `subscript' on input line 5.


Package hyperref Warning: Token not allowed in a PDF string (PDFDocEncoding):
(hyperref)                removing `math shift' on input line 5.


Package hyperref Warning: Token not allowed in a PDF string (PDFDocEncoding):
(hyperref)                removing `\leavevmode@ifvmode' on input line 5.


Package hyperref Warning: Token not allowed in a PDF string (PDFDocEncoding):
(hyperref)                \kern 1.66702pt
(hyperref)                removed on input line 5.


Package hyperref Warning: Token not allowed in a PDF string (PDFDocEncoding):
(hyperref)                removing `math shift' on input line 7.


Package hyperref Warning: Token not allowed in a PDF string (PDFDocEncoding):
(hyperref)                removing `\rightarrow' on input line 7.


Package hyperref Warning: Token not allowed in a PDF string (PDFDocEncoding):
(hyperref)                removing `\mu' on input line 7.


Package hyperref Warning: Token not allowed in a PDF string (PDFDocEncoding):
(hyperref)                removing `math shift' on input line 7.


Package hyperref Warning: Token not allowed in a PDF string (PDFDocEncoding):
(hyperref)                removing `math shift' on input line 7.


Package hyperref Warning: Token not allowed in a PDF string (PDFDocEncoding):
(hyperref)                removing `subscript' on input line 7.


Package hyperref Warning: Token not allowed in a PDF string (PDFDocEncoding):
(hyperref)                removing `math shift' on input line 7.


Package hyperref Warning: Token not allowed in a PDF string (PDFDocEncoding):
(hyperref)                removing `\leavevmode@ifvmode' on input line 7.


Package hyperref Warning: Token not allowed in a PDF string (PDFDocEncoding):
(hyperref)                \kern 1.66702pt
(hyperref)                removed on input line 7.


Overfull \hbox (30.88354pt too wide) in paragraph at lines 8--11
\OT1/cmr/m/n/10 AS in the SM case, the sig-nal as-so-ci-ated with the $[]$ op-e
r-a-tor is sim-u-lated us-ing \OT1/cmss/m/n/10 Mad-Graph5[]aMC@NLO\OT1/cmr/m/n/
10 .
 []


Underfull \hbox (badness 10000) in paragraph at lines 8--11

 []

[73

]
Underfull \hbox (badness 10000) in paragraph at lines 19--23

 []

<figures/SMEFTpT.png, id=3011, 993.7125pt x 966.61125pt>
File: figures/SMEFTpT.png Graphic file (type png)
<use figures/SMEFTpT.png>
Package pdftex.def Info: figures/SMEFTpT.png  used on input line 30.
(pdftex.def)             Requested size: 209.12683pt x 203.42207pt.
<figures/jet_ptEFT.pdf, id=3014, 867.24pt x 867.24pt>
File: figures/jet_ptEFT.pdf Graphic file (type pdf)
<use figures/jet_ptEFT.pdf>
Package pdftex.def Info: figures/jet_ptEFT.pdf  used on input line 36.
(pdftex.def)             Requested size: 209.12683pt x 209.1211pt.

Underfull \hbox (badness 10000) in paragraph at lines 25--40

 []

[74]
<figures/ImpactsEFT.pdf, id=3026, 569.12625pt x 467.7475pt>
File: figures/ImpactsEFT.pdf Graphic file (type pdf)
<use figures/ImpactsEFT.pdf>
Package pdftex.def Info: figures/ImpactsEFT.pdf  used on input line 47.
(pdftex.def)             Requested size: 376.42575pt x 309.3852pt.

Underfull \hbox (badness 10000) in paragraph at lines 42--55

 []


Underfull \hbox (badness 10000) in paragraph at lines 42--55

 []

[75 <./figures/SMEFTpT.png>])
Underfull \vbox (badness 3281) has occurred while \output is active []

 [76 <./figures/jet_ptEFT.pdf>] [77 <./figures/ImpactsEFT.pdf, page is rotated 
90 degrees>] [78] (./chapters/Conclusion.tex
Underfull \hbox (badness 10000) in paragraph at lines 2--9

 []


Underfull \hbox (badness 10000) in paragraph at lines 2--9

 []


Underfull \hbox (badness 10000) in paragraph at lines 2--9

 []


Underfull \vbox (badness 2111) has occurred while \output is active []

 [79


])
[80] [81

] [82] [83] [84]
Overfull \hbox (11.60338pt too wide) in paragraph at lines 133--133
\OT1/cmr/m/it/10 nal of High En-ergy Physics \OT1/cmr/m/n/10 2012.12 (Dec. 2012
). \OT1/cmr/m/sc/10 issn\OT1/cmr/m/n/10 : 1029-8479. \OT1/cmr/m/sc/10 doi\OT1/c
mr/m/n/10 : []$\OT1/cmtt/m/n/10 10 . 1007 / jhep12(2012 )
 []

[85] [86] (./chapters/Appendix.tex [87] [88

]
<figures/ColumnarAnalysis.png, id=3454, 215.30438pt x 133.49875pt>
File: figures/ColumnarAnalysis.png Graphic file (type png)
<use figures/ColumnarAnalysis.png>
Package pdftex.def Info: figures/ColumnarAnalysis.png  used on input line 9.
(pdftex.def)             Requested size: 292.77629pt x 181.55382pt.

Underfull \hbox (badness 10000) in paragraph at lines 4--13

 []


Underfull \vbox (badness 10000) has occurred while \output is active []

 [89]
<figures/0-15GeV_DeltaPhi_template.pdf, id=3465, 867.24pt x 867.24pt>
File: figures/0-15GeV_DeltaPhi_template.pdf Graphic file (type pdf)
<use figures/0-15GeV_DeltaPhi_template.pdf>
Package pdftex.def Info: figures/0-15GeV_DeltaPhi_template.pdf  used on input l
ine 21.
(pdftex.def)             Requested size: 209.12683pt x 209.1211pt.
<figures/0-15GeV_PtFrac_template.pdf, id=3466, 867.24pt x 867.24pt>
File: figures/0-15GeV_PtFrac_template.pdf Graphic file (type pdf)
<use figures/0-15GeV_PtFrac_template.pdf>
Package pdftex.def Info: figures/0-15GeV_PtFrac_template.pdf  used on input lin
e 26.
(pdftex.def)             Requested size: 209.12683pt x 209.1211pt.
<figures/15-30GeV_DeltaPhi_template.pdf, id=3467, 867.24pt x 867.24pt>
File: figures/15-30GeV_DeltaPhi_template.pdf Graphic file (type pdf)
<use figures/15-30GeV_DeltaPhi_template.pdf>
Package pdftex.def Info: figures/15-30GeV_DeltaPhi_template.pdf  used on input 
line 36.
(pdftex.def)             Requested size: 209.12683pt x 209.1211pt.
<figures/15-30GeV_PtFrac_template.pdf, id=3468, 867.24pt x 867.24pt>
File: figures/15-30GeV_PtFrac_template.pdf Graphic file (type pdf)
<use figures/15-30GeV_PtFrac_template.pdf>
Package pdftex.def Info: figures/15-30GeV_PtFrac_template.pdf  used on input li
ne 41.
(pdftex.def)             Requested size: 209.12683pt x 209.1211pt.
File: figures/30-50GeV_DeltaPhi_template.pdf Graphic file (type pdf)
<use figures/30-50GeV_DeltaPhi_template.pdf>
Package pdftex.def Info: figures/30-50GeV_DeltaPhi_template.pdf  used on input 
line 50.
(pdftex.def)             Requested size: 209.12683pt x 209.1211pt.
File: figures/30-50GeV_PtFrac_template.pdf Graphic file (type pdf)
<use figures/30-50GeV_PtFrac_template.pdf>
Package pdftex.def Info: figures/30-50GeV_PtFrac_template.pdf  used on input li
ne 55.
(pdftex.def)             Requested size: 209.12683pt x 209.1211pt.
<figures/50-100GeV_DeltaPhi_template.pdf, id=3469, 867.24pt x 867.24pt>
File: figures/50-100GeV_DeltaPhi_template.pdf Graphic file (type pdf)
<use figures/50-100GeV_DeltaPhi_template.pdf>
Package pdftex.def Info: figures/50-100GeV_DeltaPhi_template.pdf  used on input
 line 64.
(pdftex.def)             Requested size: 209.12683pt x 209.1211pt.
<figures/50-100GeV_PtFrac_template.pdf, id=3470, 867.24pt x 867.24pt>
File: figures/50-100GeV_PtFrac_template.pdf Graphic file (type pdf)
<use figures/50-100GeV_PtFrac_template.pdf>
Package pdftex.def Info: figures/50-100GeV_PtFrac_template.pdf  used on input l
ine 69.
(pdftex.def)             Requested size: 209.12683pt x 209.1211pt.
<figures/100-200GeV_DeltaPhi_template.pdf, id=3471, 867.24pt x 867.24pt>
File: figures/100-200GeV_DeltaPhi_template.pdf Graphic file (type pdf)
<use figures/100-200GeV_DeltaPhi_template.pdf>
Package pdftex.def Info: figures/100-200GeV_DeltaPhi_template.pdf  used on inpu
t line 78.
(pdftex.def)             Requested size: 209.12683pt x 209.1211pt.
<figures/100-200GeV_PtFrac_template.pdf, id=3472, 867.24pt x 867.24pt>
File: figures/100-200GeV_PtFrac_template.pdf Graphic file (type pdf)
<use figures/100-200GeV_PtFrac_template.pdf>
Package pdftex.def Info: figures/100-200GeV_PtFrac_template.pdf  used on input 
line 83.
(pdftex.def)             Requested size: 209.12683pt x 209.1211pt.
<figures/>200GeV_DeltaPhi_template.pdf, id=3473, 867.24pt x 867.24pt>
File: figures/>200GeV_DeltaPhi_template.pdf Graphic file (type pdf)
<use figures/>200GeV_DeltaPhi_template.pdf>
Package pdftex.def Info: figures/>200GeV_DeltaPhi_template.pdf  used on input l
ine 92.
(pdftex.def)             Requested size: 209.12683pt x 209.1211pt.
<figures/>200GeV_PtFrac_template.pdf, id=3474, 867.24pt x 867.24pt>
File: figures/>200GeV_PtFrac_template.pdf Graphic file (type pdf)
<use figures/>200GeV_PtFrac_template.pdf>
Package pdftex.def Info: figures/>200GeV_PtFrac_template.pdf  used on input lin
e 97.
(pdftex.def)             Requested size: 209.12683pt x 209.1211pt.
<figures/ReducibleCvsLComparison.pdf.pdf, id=3478, 867.24pt x 867.24pt>
File: figures/ReducibleCvsLComparison.pdf.pdf Graphic file (type pdf)
<use figures/ReducibleCvsLComparison.pdf.pdf>
Package pdftex.def Info: figures/ReducibleCvsLComparison.pdf.pdf  used on input
 line 111.
(pdftex.def)             Requested size: 209.12683pt x 209.1211pt.
<figures/ReducibleCvsBComparison.pdf.pdf, id=3479, 867.24pt x 867.24pt>
File: figures/ReducibleCvsBComparison.pdf.pdf Graphic file (type pdf)
<use figures/ReducibleCvsBComparison.pdf.pdf>
Package pdftex.def Info: figures/ReducibleCvsBComparison.pdf.pdf  used on input
 line 116.
(pdftex.def)             Requested size: 209.12683pt x 209.1211pt.
<figures/ReducibleHiggsMassComparison.pdf, id=3480, 867.24pt x 867.24pt>
File: figures/ReducibleHiggsMassComparison.pdf Graphic file (type pdf)
<use figures/ReducibleHiggsMassComparison.pdf>
Package pdftex.def Info: figures/ReducibleHiggsMassComparison.pdf  used on inpu
t line 125.
(pdftex.def)             Requested size: 209.12683pt x 209.1211pt.
<figures/ReducibleJetPtComparison.pdf, id=3481, 867.24pt x 867.24pt>
File: figures/ReducibleJetPtComparison.pdf Graphic file (type pdf)
<use figures/ReducibleJetPtComparison.pdf>
Package pdftex.def Info: figures/ReducibleJetPtComparison.pdf  used on input li
ne 129.
(pdftex.def)             Requested size: 209.12683pt x 209.1211pt.

[90 <./figures/ColumnarAnalysis.png>] [91 <./figures/0-15GeV_DeltaPhi_template.
pdf> <./figures/0-15GeV_PtFrac_template.pdf> <./figures/15-30GeV_DeltaPhi_templ
ate.pdf> <./figures/15-30GeV_PtFrac_template.pdf>] [92 <./figures/50-100GeV_Del
taPhi_template.pdf> <./figures/50-100GeV_PtFrac_template.pdf>] [93 <./figures/1
00-200GeV_DeltaPhi_template.pdf> <./figures/100-200GeV_PtFrac_template.pdf> <./
figures/>200GeV_DeltaPhi_template.pdf> <./figures/>200GeV_PtFrac_template.pdf>]
[94 <./figures/ReducibleCvsLComparison.pdf.pdf> <./figures/ReducibleCvsBCompari
son.pdf.pdf> <./figures/ReducibleHiggsMassComparison.pdf> <./figures/ReducibleJ
etPtComparison.pdf>]
Overfull \hbox (0.63666pt too wide) in paragraph at lines 140--141
[]\OT1/cmr/bx/n/10 lumi[]13TeV\OT1/cmr/m/n/10 : the un-cer-tainty as-so-ci-ated
 with the in-te-grated lu-mi-nos-ity of the 2018 dataset. 
 []

[95]
Overfull \hbox (2.88571pt too wide) in paragraph at lines 169--170
[]\OT1/cmr/bx/n/10 puIDSF\OT1/cmr/m/n/10 : the un-cer-tainty as-so-ci-ated with
 the cal-i-bra-tion of the pileup iden-ti-fi-ca-tion method. 
 []

[96] [97]
<figures/Uncertainties/Higgs_mass_JEC-Regrouped_Absolute.pdf, id=4409, 867.24pt
 x 867.24pt>
File: figures/Uncertainties/Higgs_mass_JEC-Regrouped_Absolute.pdf Graphic file 
(type pdf)
<use figures/Uncertainties/Higgs_mass_JEC-Regrouped_Absolute.pdf>
Package pdftex.def Info: figures/Uncertainties/Higgs_mass_JEC-Regrouped_Absolut
e.pdf  used on input line 207.
(pdftex.def)             Requested size: 209.12683pt x 209.1211pt.
<figures/Uncertainties/Higgs_mass_JEC-Regrouped_Absolute_2018.pdf, id=4410, 867
.24pt x 867.24pt>
File: figures/Uncertainties/Higgs_mass_JEC-Regrouped_Absolute_2018.pdf Graphic 
file (type pdf)
<use figures/Uncertainties/Higgs_mass_JEC-Regrouped_Absolute_2018.pdf>
Package pdftex.def Info: figures/Uncertainties/Higgs_mass_JEC-Regrouped_Absolut
e_2018.pdf  used on input line 212.
(pdftex.def)             Requested size: 209.12683pt x 209.1211pt.
<figures/Uncertainties/Higgs_mass_JEC-Regrouped_BBEC1.pdf, id=4411, 867.24pt x 
867.24pt>
File: figures/Uncertainties/Higgs_mass_JEC-Regrouped_BBEC1.pdf Graphic file (ty
pe pdf)
<use figures/Uncertainties/Higgs_mass_JEC-Regrouped_BBEC1.pdf>
Package pdftex.def Info: figures/Uncertainties/Higgs_mass_JEC-Regrouped_BBEC1.p
df  used on input line 218.
(pdftex.def)             Requested size: 209.12683pt x 209.1211pt.
<figures/Uncertainties/Higgs_mass_JEC-Regrouped_BBEC1_2018.pdf, id=4412, 867.24
pt x 867.24pt>
File: figures/Uncertainties/Higgs_mass_JEC-Regrouped_BBEC1_2018.pdf Graphic fil
e (type pdf)
<use figures/Uncertainties/Higgs_mass_JEC-Regrouped_BBEC1_2018.pdf>
Package pdftex.def Info: figures/Uncertainties/Higgs_mass_JEC-Regrouped_BBEC1_2
018.pdf  used on input line 223.
(pdftex.def)             Requested size: 209.12683pt x 209.1211pt.
<figures/Uncertainties/Higgs_mass_JEC-Regrouped_FlavorQCD.pdf, id=4413, 867.24p
t x 867.24pt>
File: figures/Uncertainties/Higgs_mass_JEC-Regrouped_FlavorQCD.pdf Graphic file
 (type pdf)
<use figures/Uncertainties/Higgs_mass_JEC-Regrouped_FlavorQCD.pdf>
Package pdftex.def Info: figures/Uncertainties/Higgs_mass_JEC-Regrouped_FlavorQ
CD.pdf  used on input line 231.
(pdftex.def)             Requested size: 209.12683pt x 209.1211pt.
<figures/Uncertainties/Higgs_mass_JEC-Regrouped_RelativeBal.pdf, id=4414, 867.2
4pt x 867.24pt>
File: figures/Uncertainties/Higgs_mass_JEC-Regrouped_RelativeBal.pdf Graphic fi
le (type pdf)
<use figures/Uncertainties/Higgs_mass_JEC-Regrouped_RelativeBal.pdf>
Package pdftex.def Info: figures/Uncertainties/Higgs_mass_JEC-Regrouped_Relativ
eBal.pdf  used on input line 236.
(pdftex.def)             Requested size: 209.12683pt x 209.1211pt.
<figures/Uncertainties/Higgs_mass_JEC-Regrouped_RelativeSample_2018.pdf, id=441
5, 867.24pt x 867.24pt>
File: figures/Uncertainties/Higgs_mass_JEC-Regrouped_RelativeSample_2018.pdf Gr
aphic file (type pdf)
<use figures/Uncertainties/Higgs_mass_JEC-Regrouped_RelativeSample_2018.pdf>
Package pdftex.def Info: figures/Uncertainties/Higgs_mass_JEC-Regrouped_Relativ
eSample_2018.pdf  used on input line 242.
(pdftex.def)             Requested size: 209.12683pt x 209.1211pt.
<figures/Uncertainties/Higgs_mass_JER.pdf, id=4416, 867.24pt x 867.24pt>
File: figures/Uncertainties/Higgs_mass_JER.pdf Graphic file (type pdf)
<use figures/Uncertainties/Higgs_mass_JER.pdf>
Package pdftex.def Info: figures/Uncertainties/Higgs_mass_JER.pdf  used on inpu
t line 247.
(pdftex.def)             Requested size: 209.12683pt x 209.1211pt.

Underfull \hbox (badness 10000) in paragraph at lines 201--253

 []

<figures/Uncertainties/Higgs_mass_muR_ggH.pdf, id=4417, 867.24pt x 867.24pt>
File: figures/Uncertainties/Higgs_mass_muR_ggH.pdf Graphic file (type pdf)
<use figures/Uncertainties/Higgs_mass_muR_ggH.pdf>
Package pdftex.def Info: figures/Uncertainties/Higgs_mass_muR_ggH.pdf  used on 
input line 257.
(pdftex.def)             Requested size: 209.12683pt x 209.1211pt.
<figures/Uncertainties/Higgs_mass_muF_ggH.pdf, id=4418, 867.24pt x 867.24pt>
File: figures/Uncertainties/Higgs_mass_muF_ggH.pdf Graphic file (type pdf)
<use figures/Uncertainties/Higgs_mass_muF_ggH.pdf>
Package pdftex.def Info: figures/Uncertainties/Higgs_mass_muF_ggH.pdf  used on 
input line 262.
(pdftex.def)             Requested size: 209.12683pt x 209.1211pt.
<figures/Uncertainties/Higgs_mass_muR_qqToZZ.pdf, id=4419, 867.24pt x 867.24pt>

File: figures/Uncertainties/Higgs_mass_muR_qqToZZ.pdf Graphic file (type pdf)
<use figures/Uncertainties/Higgs_mass_muR_qqToZZ.pdf>
Package pdftex.def Info: figures/Uncertainties/Higgs_mass_muR_qqToZZ.pdf  used 
on input line 268.
(pdftex.def)             Requested size: 209.12683pt x 209.1211pt.
<figures/Uncertainties/Higgs_mass_muF_qqToZZ.pdf, id=4420, 867.24pt x 867.24pt>

File: figures/Uncertainties/Higgs_mass_muF_qqToZZ.pdf Graphic file (type pdf)
<use figures/Uncertainties/Higgs_mass_muF_qqToZZ.pdf>
Package pdftex.def Info: figures/Uncertainties/Higgs_mass_muF_qqToZZ.pdf  used 
on input line 273.
(pdftex.def)             Requested size: 209.12683pt x 209.1211pt.
<figures/Uncertainties/Higgs_mass_muR_HPlusC.pdf, id=4421, 867.24pt x 867.24pt>

File: figures/Uncertainties/Higgs_mass_muR_HPlusC.pdf Graphic file (type pdf)
<use figures/Uncertainties/Higgs_mass_muR_HPlusC.pdf>
Package pdftex.def Info: figures/Uncertainties/Higgs_mass_muR_HPlusC.pdf  used 
on input line 281.
(pdftex.def)             Requested size: 209.12683pt x 209.1211pt.
<figures/Uncertainties/Higgs_mass_muF_HPlusC.pdf, id=4422, 867.24pt x 867.24pt>

File: figures/Uncertainties/Higgs_mass_muF_HPlusC.pdf Graphic file (type pdf)
<use figures/Uncertainties/Higgs_mass_muF_HPlusC.pdf>
Package pdftex.def Info: figures/Uncertainties/Higgs_mass_muF_HPlusC.pdf  used 
on input line 286.
(pdftex.def)             Requested size: 209.12683pt x 209.1211pt.
<figures/Uncertainties/Higgs_mass_puWeight.pdf, id=4423, 867.24pt x 867.24pt>
File: figures/Uncertainties/Higgs_mass_puWeight.pdf Graphic file (type pdf)
<use figures/Uncertainties/Higgs_mass_puWeight.pdf>
Package pdftex.def Info: figures/Uncertainties/Higgs_mass_puWeight.pdf  used on
 input line 292.
(pdftex.def)             Requested size: 209.12683pt x 209.1211pt.
<figures/Uncertainties/Higgs_mass_Pdf.pdf, id=4424, 867.24pt x 867.24pt>
File: figures/Uncertainties/Higgs_mass_Pdf.pdf Graphic file (type pdf)
<use figures/Uncertainties/Higgs_mass_Pdf.pdf>
Package pdftex.def Info: figures/Uncertainties/Higgs_mass_Pdf.pdf  used on inpu
t line 297.
(pdftex.def)             Requested size: 209.12683pt x 209.1211pt.
<figures/Uncertainties/Higgs_mass_PS-FSR.pdf, id=4425, 867.24pt x 867.24pt>
File: figures/Uncertainties/Higgs_mass_PS-FSR.pdf Graphic file (type pdf)
<use figures/Uncertainties/Higgs_mass_PS-FSR.pdf>
Package pdftex.def Info: figures/Uncertainties/Higgs_mass_PS-FSR.pdf  used on i
nput line 305.
(pdftex.def)             Requested size: 209.12683pt x 209.1211pt.
<figures/Uncertainties/Higgs_mass_PS-ISR.pdf, id=4426, 867.24pt x 867.24pt>
File: figures/Uncertainties/Higgs_mass_PS-ISR.pdf Graphic file (type pdf)
<use figures/Uncertainties/Higgs_mass_PS-ISR.pdf>
Package pdftex.def Info: figures/Uncertainties/Higgs_mass_PS-ISR.pdf  used on i
nput line 310.
(pdftex.def)             Requested size: 209.12683pt x 209.1211pt.
<figures/Uncertainties/Higgs_mass_cH_FS.pdf, id=4427, 867.24pt x 867.24pt>
File: figures/Uncertainties/Higgs_mass_cH_FS.pdf Graphic file (type pdf)
<use figures/Uncertainties/Higgs_mass_cH_FS.pdf>
Package pdftex.def Info: figures/Uncertainties/Higgs_mass_cH_FS.pdf  used on in
put line 318.
(pdftex.def)             Requested size: 209.12683pt x 209.1211pt.
<figures/Uncertainties/Higgs_mass_muonSF.pdf, id=4428, 867.24pt x 867.24pt>
File: figures/Uncertainties/Higgs_mass_muonSF.pdf Graphic file (type pdf)
<use figures/Uncertainties/Higgs_mass_muonSF.pdf>
Package pdftex.def Info: figures/Uncertainties/Higgs_mass_muonSF.pdf  used on i
nput line 326.
(pdftex.def)             Requested size: 209.12683pt x 209.1211pt.

Package hyperref Warning: Token not allowed in a PDF string (PDFDocEncoding):
(hyperref)                removing `math shift' on input line 331.


Package hyperref Warning: Token not allowed in a PDF string (PDFDocEncoding):
(hyperref)                removing `math shift' on input line 331.


Package hyperref Warning: Token not allowed in a PDF string (PDFDocEncoding):
(hyperref)                removing `math shift' on input line 331.


Package hyperref Warning: Token not allowed in a PDF string (PDFDocEncoding):
(hyperref)                removing `\rightarrow' on input line 331.


Package hyperref Warning: Token not allowed in a PDF string (PDFDocEncoding):
(hyperref)                removing `\mu' on input line 331.


Package hyperref Warning: Token not allowed in a PDF string (PDFDocEncoding):
(hyperref)                removing `math shift' on input line 331.


Package hyperref Warning: Token not allowed in a PDF string (PDFDocEncoding):
(hyperref)                removing `\leavevmode@ifvmode' on input line 331.


Package hyperref Warning: Token not allowed in a PDF string (PDFDocEncoding):
(hyperref)                \kern 1.66702pt
(hyperref)                removed on input line 331.

<figures/ImpactsSMr0.pdf, id=4430, 569.12625pt x 467.7475pt>
File: figures/ImpactsSMr0.pdf Graphic file (type pdf)
<use figures/ImpactsSMr0.pdf>
Package pdftex.def Info: figures/ImpactsSMr0.pdf  used on input line 337.
(pdftex.def)             Requested size: 376.42575pt x 309.3852pt.
)

Package caption Warning: Unused \captionsetup[subfigure] on input line 488.
See the caption package documentation for explanation.

[98] [99 <./figures/Uncertainties/Higgs_mass_JEC-Regrouped_Absolute.pdf> <./fig
ures/Uncertainties/Higgs_mass_JEC-Regrouped_Absolute_2018.pdf> <./figures/Uncer
tainties/Higgs_mass_JEC-Regrouped_BBEC1.pdf> <./figures/Uncertainties/Higgs_mas
s_JEC-Regrouped_BBEC1_2018.pdf>] [100 <./figures/Uncertainties/Higgs_mass_JEC-R
egrouped_FlavorQCD.pdf> <./figures/Uncertainties/Higgs_mass_JEC-Regrouped_Relat
iveBal.pdf> <./figures/Uncertainties/Higgs_mass_JEC-Regrouped_RelativeSample_20
18.pdf> <./figures/Uncertainties/Higgs_mass_JER.pdf>] [101 <./figures/Uncertain
ties/Higgs_mass_muR_ggH.pdf> <./figures/Uncertainties/Higgs_mass_muF_ggH.pdf> <
./figures/Uncertainties/Higgs_mass_muR_qqToZZ.pdf> <./figures/Uncertainties/Hig
gs_mass_muF_qqToZZ.pdf>] [102 <./figures/Uncertainties/Higgs_mass_muR_HPlusC.pd
f> <./figures/Uncertainties/Higgs_mass_muF_HPlusC.pdf> <./figures/Uncertainties
/Higgs_mass_puWeight.pdf> <./figures/Uncertainties/Higgs_mass_Pdf.pdf>]
[103 <./figures/Uncertainties/Higgs_mass_PS-FSR.pdf> <./figures/Uncertainties/H
iggs_mass_PS-ISR.pdf> <./figures/Uncertainties/Higgs_mass_cH_FS.pdf>] [104 <./f
igures/Uncertainties/Higgs_mass_muonSF.pdf> <./figures/ImpactsSMr0.pdf, page is
 rotated 90 degrees>]
Package atveryend Info: Empty hook `BeforeClearDocument' on input line 140.
Package atveryend Info: Empty hook `AfterLastShipout' on input line 140.
 (./main.aux)
Package atveryend Info: Executing hook `AtVeryEndDocument' on input line 140.
Package atveryend Info: Executing hook `AtEndAfterFileList' on input line 140.
Package rerunfilecheck Info: File `main.out' has not changed.
(rerunfilecheck)             Checksum: 509598686B3F91061DAF9CBFED65554A;5476.


LaTeX Warning: Label(s) may have changed. Rerun to get cross-references right.

Package logreq Info: Writing requests to 'main.run.xml'.
\openout1 = `main.run.xml'.

 ) 
Here is how much of TeX's memory you used:
 31720 strings out of 481239
 637288 string characters out of 5920376
 2181173 words of memory out of 5000000
 45858 multiletter control sequences out of 15000+600000
 583049 words of font info for 121 fonts, out of 8000000 for 9000
 1141 hyphenation exceptions out of 8191
 68i,18n,100p,3244b,2801s stack positions out of 5000i,500n,10000p,200000b,80000s
pdfTeX warning (dest): name{Hfootnote.1} has been referenced but does not exi
st, replaced by a fixed one

{/usr/share/texmf/fonts/enc/dvips/cm-super/cm-super-ts1.enc}{/usr/share/texmf/f
onts/enc/dvips/tex-gyre/q-ec.enc}</usr/share/texlive/texmf-dist/fonts/type1/pub
lic/amsfonts/cm/cmbx10.pfb></usr/share/texlive/texmf-dist/fonts/type1/public/am
sfonts/cm/cmbx12.pfb></usr/share/texlive/texmf-dist/fonts/type1/public/amsfonts
/cm/cmbxti10.pfb></usr/share/texlive/texmf-dist/fonts/type1/public/amsfonts/cm/
cmcsc10.pfb></usr/share/texlive/texmf-dist/fonts/type1/public/amsfonts/cm/cmex1
0.pfb></usr/share/texlive/texmf-dist/fonts/type1/public/amsfonts/cm/cmmi10.pfb>
</usr/share/texlive/texmf-dist/fonts/type1/public/amsfonts/cm/cmmi12.pfb></usr/
share/texlive/texmf-dist/fonts/type1/public/amsfonts/cm/cmmi5.pfb></usr/share/t
exlive/texmf-dist/fonts/type1/public/amsfonts/cm/cmmi6.pfb></usr/share/texlive/
texmf-dist/fonts/type1/public/amsfonts/cm/cmmi7.pfb></usr/share/texlive/texmf-d
ist/fonts/type1/public/amsfonts/cm/cmmi8.pfb></usr/share/texlive/texmf-dist/fon
ts/type1/public/amsfonts/cm/cmmi9.pfb></usr/share/texlive/texmf-dist/fonts/type
1/public/amsfonts/cm/cmmib10.pfb></usr/share/texlive/texmf-dist/fonts/type1/pub
lic/amsfonts/cmextra/cmmib7.pfb></usr/share/texlive/texmf-dist/fonts/type1/publ
ic/amsfonts/cm/cmr10.pfb></usr/share/texlive/texmf-dist/fonts/type1/public/amsf
onts/cm/cmr12.pfb></usr/share/texlive/texmf-dist/fonts/type1/public/amsfonts/cm
/cmr5.pfb></usr/share/texlive/texmf-dist/fonts/type1/public/amsfonts/cm/cmr6.pf
b></usr/share/texlive/texmf-dist/fonts/type1/public/amsfonts/cm/cmr7.pfb></usr/
share/texlive/texmf-dist/fonts/type1/public/amsfonts/cm/cmr8.pfb></usr/share/te
xlive/texmf-dist/fonts/type1/public/amsfonts/cm/cmr9.pfb></usr/share/texlive/te
xmf-dist/fonts/type1/public/amsfonts/cm/cmsl10.pfb></usr/share/texlive/texmf-di
st/fonts/type1/public/amsfonts/cm/cmss10.pfb></usr/share/texlive/texmf-dist/fon
ts/type1/public/amsfonts/cm/cmss8.pfb></usr/share/texlive/texmf-dist/fonts/type
1/public/amsfonts/cm/cmssbx10.pfb></usr/share/texlive/texmf-dist/fonts/type1/pu
blic/amsfonts/cm/cmsy10.pfb></usr/share/texlive/texmf-dist/fonts/type1/public/a
msfonts/cm/cmsy5.pfb></usr/share/texlive/texmf-dist/fonts/type1/public/amsfonts
/cm/cmsy7.pfb></usr/share/texlive/texmf-dist/fonts/type1/public/amsfonts/cm/cms
y9.pfb></usr/share/texlive/texmf-dist/fonts/type1/public/amsfonts/cm/cmti10.pfb
></usr/share/texlive/texmf-dist/fonts/type1/public/amsfonts/cm/cmti7.pfb></usr/
share/texlive/texmf-dist/fonts/type1/public/amsfonts/cm/cmtt10.pfb></usr/share/
texmf/fonts/type1/public/tex-gyre/qagb.pfb></usr/share/texmf/fonts/type1/public
/tex-gyre/qagr.pfb></usr/share/texmf/fonts/type1/public/cm-super/sfrm0600.pfb><
/usr/share/texmf/fonts/type1/public/cm-super/sfrm0700.pfb></usr/share/texmf/fon
ts/type1/public/cm-super/sfrm1000.pfb>
Output written on main.pdf (114 pages, 9842526 bytes).
PDF statistics:
 6279 PDF objects out of 7423 (max. 8388607)
 2632 compressed objects within 27 object streams
 446 named destinations out of 1000 (max. 500000)
 989 words of extra memory for PDF output out of 10000 (max. 10000000)

